city,sqft,bedrooms,bathrooms,lot_size_acres,year_built,age_years,school_rating,distance_from_center_miles,property_tax_rate,price,price_per_sqft,zip_code,metro,listing_date
San Antonio,1434,3,3.0,0.197,2020,4,5.8,17.4,0.0219,206772,144.19,78216,San Antonio-New Braunfels,2023-11-17
Houston,1956,4,2.5,0.27,1963,61,6.7,17.7,0.0238,314958,161.02,77007,Houston-The Woodlands-Sugar Land,2023-04-25
San Antonio,1778,2,2.0,0.105,1999,25,7.4,6.2,0.0227,281130,158.12,78209,San Antonio-New Braunfels,2023-03-06
San Antonio,2257,3,3.0,0.238,2011,13,6.2,10.8,0.0222,344183,152.5,78201,San Antonio-New Braunfels,2023-03-16
Austin,1509,3,3.0,0.228,1966,58,8.8,15.7,0.0225,478962,317.4,78704,Austin-Round Rock-Georgetown,2024-03-07
Fort Worth,2227,4,3.5,0.17,2000,24,9.7,16.0,0.0211,473276,212.52,76132,Dallas-Fort Worth-Arlington,2023-12-26
San Antonio,2103,3,2.0,0.221,2023,1,5.2,29.0,0.0231,257219,122.31,78209,San Antonio-New Braunfels,2023-06-03
San Antonio,3323,3,2.0,0.257,1968,56,6.5,11.5,0.0231,479148,144.19,78230,San Antonio-New Braunfels,2024-02-08
Austin,1908,5,5.0,0.173,1976,48,6.5,6.7,0.0221,553211,289.94,78702,Austin-Round Rock-Georgetown,2024-01-16
Houston,2233,3,3.0,0.174,2022,2,7.6,18.0,0.0231,407770,182.61,77002,Houston-The Woodlands-Sugar Land,2024-03-22
Houston,1827,3,2.5,0.279,2003,21,7.9,30.6,0.0249,280973,153.79,77056,Houston-The Woodlands-Sugar Land,2024-05-12
Fort Worth,1309,4,2.5,0.315,1996,28,7.1,11.4,0.0226,221843,169.48,76102,Dallas-Fort Worth-Arlington,2024-04-27
Dallas,2831,3,3.0,0.186,2007,17,7.9,14.1,0.0202,551059,194.65,75205,Dallas-Fort Worth-Arlington,2023-04-10
San Antonio,1404,5,4.0,0.276,1981,43,7.0,13.7,0.0223,254784,181.47,78209,San Antonio-New Braunfels,2024-02-25
Houston,2079,5,4.5,0.191,1976,48,5.1,8.2,0.0227,383086,184.26,77002,Houston-The Woodlands-Sugar Land,2023-08-03
Houston,1427,3,2.5,0.064,1984,40,5.7,27.0,0.0234,197408,138.34,77024,Houston-The Woodlands-Sugar Land,2023-08-09
Dallas,2097,5,3.5,0.17,2019,5,6.6,13.1,0.0225,480135,228.96,75254,Dallas-Fort Worth-Arlington,2023-12-20
Austin,2294,4,2.5,0.191,1987,37,9.0,21.6,0.0207,642266,279.98,78701,Austin-Round Rock-Georgetown,2023-11-26
San Antonio,3098,4,2.5,0.152,1965,59,7.4,13.9,0.022,517219,166.95,78250,San Antonio-New Braunfels,2023-08-18
Dallas,1460,2,2.0,0.228,1977,47,7.8,28.4,0.0222,265835,182.08,75225,Dallas-Fort Worth-Arlington,2024-06-30
San Antonio,1804,4,2.5,0.266,1977,47,7.4,21.1,0.0225,252799,140.13,78250,San Antonio-New Braunfels,2023-04-06
Houston,2143,3,2.0,0.879,1969,55,6.2,27.2,0.0241,329341,153.68,77002,Houston-The Woodlands-Sugar Land,2023-02-23
Fort Worth,3992,4,3.0,0.145,2021,3,6.6,22.7,0.0226,773267,193.7,76132,Dallas-Fort Worth-Arlington,2023-01-16
Fort Worth,2888,3,2.0,1.185,2019,5,7.5,14.0,0.0211,494121,171.09,76102,Dallas-Fort Worth-Arlington,2024-03-21
San Antonio,2582,2,1.5,0.225,1992,32,7.4,10.5,0.0214,356611,138.11,78258,San Antonio-New Braunfels,2023-08-11
Houston,2514,3,2.0,0.351,1997,27,5.9,17.0,0.0221,433882,172.59,77024,Houston-The Woodlands-Sugar Land,2023-08-28
Dallas,2418,5,5.0,0.973,1965,59,5.1,12.4,0.0214,501909,207.57,75205,Dallas-Fort Worth-Arlington,2023-12-22
Austin,1375,3,2.0,0.22,1972,52,8.2,17.8,0.022,430861,313.35,78701,Austin-Round Rock-Georgetown,2023-08-27
Austin,1698,3,2.5,0.059,2001,23,6.9,5.9,0.0215,527534,310.68,78745,Austin-Round Rock-Georgetown,2023-11-10
San Antonio,1694,3,3.0,0.362,1994,30,5.4,9.7,0.0225,250051,147.61,78201,San Antonio-New Braunfels,2023-02-01
San Antonio,1117,3,2.0,0.206,2000,24,5.5,12.2,0.0223,157164,140.7,78230,San Antonio-New Braunfels,2023-03-27
Fort Worth,2373,5,3.5,0.178,1993,31,7.5,27.1,0.0214,501289,211.25,76132,Dallas-Fort Worth-Arlington,2024-05-24
Houston,2817,3,2.0,0.139,1965,59,6.8,22.1,0.0229,406242,144.21,77007,Houston-The Woodlands-Sugar Land,2023-09-04
Houston,1344,4,4.0,0.246,1999,25,5.8,12.7,0.0232,242126,180.15,77007,Houston-The Woodlands-Sugar Land,2023-04-02
Dallas,2379,4,4.0,0.241,2001,23,5.9,9.5,0.0236,471048,198.0,75204,Dallas-Fort Worth-Arlington,2023-07-22
Houston,1535,4,3.5,0.136,2008,16,6.4,40.7,0.0222,231032,150.51,77007,Houston-The Woodlands-Sugar Land,2023-07-03
Austin,2520,3,3.0,0.07,1962,62,7.2,13.6,0.0227,699703,277.66,78701,Austin-Round Rock-Georgetown,2023-05-30
Dallas,1949,3,2.0,0.335,1991,33,5.8,21.3,0.0222,385216,197.65,75204,Dallas-Fort Worth-Arlington,2023-06-10
Houston,2477,5,5.0,0.254,1965,59,6.6,27.9,0.0238,481007,194.19,77024,Houston-The Woodlands-Sugar Land,2024-02-03
Dallas,1875,3,2.5,0.231,2018,6,5.9,24.7,0.0229,358176,191.03,75204,Dallas-Fort Worth-Arlington,2023-02-28
Houston,837,3,2.0,0.169,1972,52,4.4,40.8,0.023,127227,152.0,77056,Houston-The Woodlands-Sugar Land,2023-06-19
San Antonio,2118,3,2.0,0.356,2004,20,9.2,26.0,0.0209,325778,153.81,78250,San Antonio-New Braunfels,2023-09-13
San Antonio,2746,4,4.0,0.471,1978,46,7.6,57.9,0.0217,383533,139.67,78250,San Antonio-New Braunfels,2023-10-23
Houston,1915,2,1.5,0.05,2014,10,6.3,26.5,0.0225,322082,168.19,77024,Houston-The Woodlands-Sugar Land,2024-04-26
San Antonio,1957,5,4.0,0.384,1969,55,6.8,31.7,0.0226,322840,164.97,78209,San Antonio-New Braunfels,2024-05-20
San Antonio,2176,3,3.0,0.894,1986,38,6.2,19.7,0.0238,346464,159.22,78258,San Antonio-New Braunfels,2023-06-12
Houston,2107,3,2.0,0.062,1969,55,8.6,23.9,0.024,309755,147.01,77007,Houston-The Woodlands-Sugar Land,2023-10-22
Houston,1318,3,2.5,0.174,1960,64,6.9,60.0,0.0238,205995,156.29,77019,Houston-The Woodlands-Sugar Land,2023-01-13
San Antonio,2511,3,2.5,0.068,2008,16,6.3,24.0,0.0215,350583,139.62,78216,San Antonio-New Braunfels,2023-12-04
Austin,1543,3,2.5,0.266,1995,29,8.8,13.7,0.0217,448115,290.42,78748,Austin-Round Rock-Georgetown,2023-03-25
Houston,1089,3,3.0,0.483,1979,45,8.7,48.2,0.022,170953,156.98,77024,Houston-The Woodlands-Sugar Land,2023-02-10
Austin,2194,3,2.5,0.352,1966,58,7.6,9.0,0.0223,615410,280.5,78748,Austin-Round Rock-Georgetown,2024-01-03
San Antonio,1815,4,4.0,0.189,1966,58,3.6,20.6,0.0218,259721,143.1,78258,San Antonio-New Braunfels,2023-04-08
Dallas,1948,4,4.0,0.072,2005,19,6.6,25.3,0.0214,356014,182.76,75205,Dallas-Fort Worth-Arlington,2023-09-19
San Antonio,2383,3,3.0,0.072,2008,16,7.3,7.0,0.0228,341641,143.37,78258,San Antonio-New Braunfels,2023-02-25
San Antonio,1376,2,1.5,0.159,1985,39,7.2,12.8,0.0235,187179,136.03,78205,San Antonio-New Braunfels,2024-02-12
Houston,1703,4,4.0,0.139,1994,30,4.8,25.4,0.0226,232204,136.35,77079,Houston-The Woodlands-Sugar Land,2024-02-23
Dallas,1703,2,1.5,0.065,1997,27,5.5,31.4,0.0234,262582,154.19,75204,Dallas-Fort Worth-Arlington,2023-11-11
Austin,1571,3,3.0,0.059,2015,9,7.8,30.4,0.0211,488988,311.26,78748,Austin-Round Rock-Georgetown,2024-04-02
Austin,2669,3,3.0,0.178,2020,4,10.0,6.5,0.0225,860265,322.32,78703,Austin-Round Rock-Georgetown,2023-08-27
Dallas,2062,4,4.0,0.1,2011,13,7.5,29.6,0.0219,443100,214.89,75254,Dallas-Fort Worth-Arlington,2023-04-12
Dallas,2373,3,2.5,0.294,1973,51,10.0,14.9,0.0215,512412,215.93,75201,Dallas-Fort Worth-Arlington,2023-03-24
Dallas,2557,3,3.0,0.249,1963,61,6.2,14.7,0.0221,518254,202.68,75205,Dallas-Fort Worth-Arlington,2023-04-30
San Antonio,1626,3,2.0,0.11,1966,58,4.9,14.8,0.0213,201934,124.19,78258,San Antonio-New Braunfels,2023-04-20
Dallas,1585,3,2.5,0.268,1996,28,7.2,14.3,0.0216,317981,200.62,75201,Dallas-Fort Worth-Arlington,2023-06-26
Dallas,2383,4,3.0,0.053,2000,24,7.5,26.3,0.0217,558753,234.47,75204,Dallas-Fort Worth-Arlington,2023-04-28
Dallas,1535,4,2.5,0.169,1984,40,7.1,19.0,0.0228,340095,221.56,75201,Dallas-Fort Worth-Arlington,2023-11-20
Houston,2098,5,4.0,0.371,1971,53,5.9,38.0,0.0252,361497,172.31,77007,Houston-The Woodlands-Sugar Land,2023-03-23
Austin,984,3,2.5,0.251,2004,20,8.4,23.2,0.022,336930,342.41,78703,Austin-Round Rock-Georgetown,2023-12-07
Houston,2767,4,2.5,0.403,1993,31,6.4,16.3,0.0247,476383,172.17,77024,Houston-The Woodlands-Sugar Land,2023-07-02
Houston,2673,2,1.5,0.236,1995,29,8.5,29.0,0.0213,395631,148.01,77007,Houston-The Woodlands-Sugar Land,2024-01-11
Houston,3584,3,2.0,0.206,2019,5,4.6,56.7,0.0237,509910,142.27,77002,Houston-The Woodlands-Sugar Land,2023-10-08
San Antonio,1744,3,2.0,0.466,1970,54,7.2,18.1,0.0226,240913,138.14,78205,San Antonio-New Braunfels,2024-05-10
Houston,2873,4,3.0,0.338,1965,59,7.6,28.0,0.0234,471604,164.15,77079,Houston-The Woodlands-Sugar Land,2023-08-29
Austin,2406,4,3.0,0.149,1962,62,10.0,5.9,0.022,723302,300.62,78750,Austin-Round Rock-Georgetown,2023-06-11
Houston,2032,4,3.5,0.296,1991,33,6.3,7.7,0.0238,401476,197.58,77007,Houston-The Woodlands-Sugar Land,2023-11-19
Houston,3283,4,3.0,0.519,2016,8,8.8,38.8,0.0221,600280,182.84,77007,Houston-The Woodlands-Sugar Land,2023-12-27
Dallas,2281,3,2.0,0.704,1978,46,8.0,37.6,0.0222,417714,183.13,75201,Dallas-Fort Worth-Arlington,2023-08-29
Dallas,2242,3,2.0,0.385,1989,35,8.8,11.0,0.023,444451,198.24,75254,Dallas-Fort Worth-Arlington,2023-11-03
San Antonio,2159,4,3.0,0.246,1978,46,8.2,18.7,0.0231,315698,146.22,78230,San Antonio-New Braunfels,2023-09-15
Dallas,3821,3,2.0,0.069,2012,12,6.2,33.4,0.0223,586058,153.38,75230,Dallas-Fort Worth-Arlington,2023-06-17
Houston,2867,3,2.0,0.222,2013,11,7.0,39.7,0.0221,411417,143.5,77007,Houston-The Woodlands-Sugar Land,2023-06-21
San Antonio,1838,2,2.0,0.086,1996,28,7.5,11.8,0.0221,216472,117.78,78230,San Antonio-New Braunfels,2024-05-11
Austin,1549,3,2.0,0.113,1990,34,10.0,9.9,0.0208,562731,363.29,78701,Austin-Round Rock-Georgetown,2024-01-05
Austin,2024,3,2.5,0.405,1978,46,9.9,9.3,0.0215,669798,330.93,78745,Austin-Round Rock-Georgetown,2023-02-22
Austin,1413,3,2.0,0.357,2016,8,9.5,11.9,0.0213,489668,346.54,78745,Austin-Round Rock-Georgetown,2024-06-10
San Antonio,1636,3,2.0,0.131,1984,40,5.4,33.0,0.0223,240045,146.73,78209,San Antonio-New Braunfels,2024-01-25
Dallas,1714,4,4.0,0.095,2022,2,4.9,34.2,0.0212,343420,200.36,75230,Dallas-Fort Worth-Arlington,2023-01-28
Austin,1593,2,1.5,0.162,1995,29,8.6,8.5,0.0208,456740,286.72,78745,Austin-Round Rock-Georgetown,2024-02-03
Dallas,1302,4,3.0,0.142,1968,56,6.9,17.8,0.0213,274118,210.54,75205,Dallas-Fort Worth-Arlington,2023-11-19
Austin,2923,3,2.5,0.156,1989,35,8.5,30.6,0.022,753499,257.78,78702,Austin-Round Rock-Georgetown,2024-05-15
San Antonio,2234,3,2.0,0.425,2008,16,5.7,7.6,0.0226,276646,123.83,78201,San Antonio-New Braunfels,2023-09-25
Houston,1954,3,2.0,0.109,2006,18,5.6,21.3,0.0226,335178,171.53,77079,Houston-The Woodlands-Sugar Land,2023-10-11
Houston,2796,4,3.5,0.296,1993,31,5.8,33.8,0.0219,499129,178.52,77007,Houston-The Woodlands-Sugar Land,2023-06-22
Houston,2997,3,2.0,0.298,2003,21,3.4,25.6,0.0229,433244,144.56,77007,Houston-The Woodlands-Sugar Land,2023-06-25
Dallas,2472,4,3.5,0.165,1982,42,7.3,19.1,0.0222,556583,225.15,75230,Dallas-Fort Worth-Arlington,2023-12-05
Houston,1516,4,2.5,0.083,1982,42,7.0,16.4,0.0226,236382,155.92,77007,Houston-The Woodlands-Sugar Land,2024-03-28
Austin,1805,4,3.5,0.089,1964,60,6.5,33.2,0.021,543334,301.02,78703,Austin-Round Rock-Georgetown,2024-05-02
Austin,1683,4,4.0,0.787,2009,15,9.8,9.1,0.0221,598269,355.48,78745,Austin-Round Rock-Georgetown,2024-02-26
Fort Worth,1162,3,2.5,0.438,2006,18,6.4,18.4,0.0225,210881,181.48,76109,Dallas-Fort Worth-Arlington,2023-11-30
Fort Worth,1759,3,2.5,0.447,1978,46,5.6,27.5,0.0221,307003,174.53,76109,Dallas-Fort Worth-Arlington,2023-10-01
San Antonio,2533,5,5.0,0.17,2022,2,7.6,12.2,0.0218,400106,157.96,78201,San Antonio-New Braunfels,2023-07-05
Houston,3552,3,2.5,0.418,1989,35,7.5,19.5,0.0228,562272,158.3,77019,Houston-The Woodlands-Sugar Land,2024-02-25
Fort Worth,4364,2,1.0,0.309,2010,14,5.8,42.4,0.0211,670266,153.59,76107,Dallas-Fort Worth-Arlington,2023-06-24
San Antonio,2684,2,1.0,0.236,2009,15,6.4,12.0,0.0221,395054,147.19,78230,San Antonio-New Braunfels,2023-05-27
San Antonio,1887,5,4.0,0.453,2002,22,7.3,21.2,0.0222,337608,178.91,78205,San Antonio-New Braunfels,2024-04-19
Houston,1731,3,3.0,0.395,1967,57,5.6,14.3,0.0231,310018,179.1,77002,Houston-The Woodlands-Sugar Land,2023-11-19
Houston,1182,2,1.5,0.166,1975,49,6.0,18.3,0.0226,160073,135.43,77056,Houston-The Woodlands-Sugar Land,2023-07-13
Austin,1904,3,2.0,0.287,1965,59,9.0,21.3,0.02,584403,306.93,78745,Austin-Round Rock-Georgetown,2024-04-18
Fort Worth,2425,3,3.0,0.218,1968,56,9.2,52.4,0.0201,496058,204.56,76132,Dallas-Fort Worth-Arlington,2024-06-10
Houston,1595,5,4.0,0.129,1973,51,7.4,20.8,0.0236,300914,188.66,77007,Houston-The Woodlands-Sugar Land,2023-06-23
Houston,3006,3,3.0,0.452,2001,23,7.5,31.7,0.0223,456242,151.78,77079,Houston-The Woodlands-Sugar Land,2023-10-13
Houston,1771,3,2.0,0.42,2003,21,6.6,45.0,0.0244,274818,155.18,77007,Houston-The Woodlands-Sugar Land,2023-09-22
Dallas,1562,5,4.0,0.194,1960,64,6.8,11.5,0.0205,357817,229.08,75225,Dallas-Fort Worth-Arlington,2024-01-19
Austin,1502,3,2.5,0.085,2004,20,8.7,30.1,0.0216,481090,320.3,78702,Austin-Round Rock-Georgetown,2024-06-04
San Antonio,1121,3,3.0,0.075,1965,59,6.6,5.2,0.0212,156405,139.52,78258,San Antonio-New Braunfels,2023-10-28
San Antonio,1519,3,3.0,0.4,1986,38,7.4,28.3,0.0225,225243,148.28,78209,San Antonio-New Braunfels,2024-03-12
San Antonio,2273,3,2.5,0.192,2018,6,5.5,19.8,0.0224,306326,134.77,78250,San Antonio-New Braunfels,2023-11-22
Houston,1721,3,3.0,0.245,1997,27,5.8,33.0,0.0224,239789,139.33,77007,Houston-The Woodlands-Sugar Land,2024-04-30
Dallas,2716,3,2.0,0.185,2001,23,8.6,18.2,0.0208,557867,205.4,75230,Dallas-Fort Worth-Arlington,2023-08-10
Dallas,1729,4,3.5,0.05,2016,8,7.6,47.6,0.0236,401032,231.94,75205,Dallas-Fort Worth-Arlington,2023-07-30
Dallas,1472,2,2.0,0.206,1995,29,5.7,13.0,0.0213,277065,188.22,75201,Dallas-Fort Worth-Arlington,2023-08-20
Austin,2415,3,2.0,0.149,1990,34,7.2,21.6,0.0227,769136,318.48,78702,Austin-Round Rock-Georgetown,2024-06-29
Houston,1674,3,2.0,0.549,2007,17,6.3,15.1,0.0246,296715,177.25,77056,Houston-The Woodlands-Sugar Land,2023-12-01
Austin,1913,3,2.0,0.206,2016,8,10.0,17.3,0.0222,682339,356.69,78702,Austin-Round Rock-Georgetown,2023-03-25
Dallas,1408,3,2.5,0.148,1975,49,4.2,6.2,0.021,264496,187.85,75204,Dallas-Fort Worth-Arlington,2023-01-23
Houston,2172,3,3.0,0.109,2015,9,6.8,25.6,0.0223,360046,165.77,77024,Houston-The Woodlands-Sugar Land,2023-10-11
Austin,1175,5,3.0,0.609,2005,19,8.1,23.4,0.0214,411884,350.54,78702,Austin-Round Rock-Georgetown,2024-03-16
Austin,1594,4,3.0,0.112,1988,36,7.9,10.3,0.0238,531248,333.28,78701,Austin-Round Rock-Georgetown,2023-09-20
Dallas,3179,4,2.5,0.081,2010,14,6.7,20.0,0.0236,653674,205.62,75225,Dallas-Fort Worth-Arlington,2023-11-03
Austin,2877,3,2.0,0.174,1975,49,10.0,11.0,0.0207,826503,287.28,78745,Austin-Round Rock-Georgetown,2024-03-12
Fort Worth,3984,3,2.0,0.495,1961,63,7.8,53.5,0.0203,618217,155.17,76109,Dallas-Fort Worth-Arlington,2023-10-10
Dallas,1740,4,2.5,0.153,1998,26,8.1,58.6,0.0216,317632,182.55,75254,Dallas-Fort Worth-Arlington,2024-05-12
Houston,2176,3,3.0,0.16,1973,51,8.1,26.6,0.021,320427,147.26,77002,Houston-The Woodlands-Sugar Land,2023-12-15
Dallas,3137,2,1.0,0.163,1965,59,7.2,26.0,0.0206,480843,153.28,75205,Dallas-Fort Worth-Arlington,2024-02-04
Austin,2062,4,2.5,0.086,2003,21,8.5,24.2,0.022,678556,329.08,78702,Austin-Round Rock-Georgetown,2024-03-03
Fort Worth,1923,4,3.5,0.498,2002,22,6.9,12.8,0.0213,383066,199.2,76132,Dallas-Fort Worth-Arlington,2023-12-09
Dallas,1787,3,3.0,0.307,1981,43,8.9,29.6,0.0211,327424,183.23,75225,Dallas-Fort Worth-Arlington,2023-01-28
San Antonio,1906,4,3.5,0.18,2020,4,5.9,11.4,0.0222,334580,175.54,78201,San Antonio-New Braunfels,2023-08-22
Austin,2017,4,3.5,0.151,1963,61,8.1,15.9,0.0219,775983,384.72,78745,Austin-Round Rock-Georgetown,2023-03-19
Dallas,1552,4,3.0,0.07,2000,24,8.1,33.9,0.0211,316608,204.0,75201,Dallas-Fort Worth-Arlington,2023-10-07
Dallas,1191,3,3.0,0.136,1967,57,5.9,20.2,0.0215,211180,177.31,75204,Dallas-Fort Worth-Arlington,2023-03-20
Fort Worth,2471,5,3.0,0.257,2021,3,8.2,37.1,0.0211,531815,215.22,76109,Dallas-Fort Worth-Arlington,2023-10-06
Dallas,1580,2,2.0,0.399,1998,26,6.4,49.3,0.0226,240718,152.35,75225,Dallas-Fort Worth-Arlington,2023-07-08
Dallas,1709,4,3.5,0.173,1983,41,7.3,26.3,0.0221,313783,183.61,75230,Dallas-Fort Worth-Arlington,2023-01-12
Houston,1645,2,2.0,0.617,1965,59,7.7,25.4,0.0237,231781,140.9,77024,Houston-The Woodlands-Sugar Land,2023-03-10
Houston,2005,3,2.5,0.286,2004,20,7.0,31.0,0.0235,327917,163.55,77079,Houston-The Woodlands-Sugar Land,2023-10-03
Dallas,2363,4,3.0,0.116,2019,5,7.6,25.1,0.0213,498683,211.04,75225,Dallas-Fort Worth-Arlington,2023-02-13
Houston,1741,3,3.0,0.5,1966,58,8.1,28.8,0.025,279572,160.58,77002,Houston-The Woodlands-Sugar Land,2024-04-13
Austin,4717,2,2.0,0.142,1977,47,8.5,21.3,0.0214,1529473,324.25,78701,Austin-Round Rock-Georgetown,2024-02-20
San Antonio,2095,4,4.0,0.301,2003,21,6.3,11.8,0.0217,413593,197.42,78250,San Antonio-New Braunfels,2024-01-23
Fort Worth,1829,2,1.5,0.227,1970,54,7.7,26.4,0.0225,270698,148.0,76102,Dallas-Fort Worth-Arlington,2023-04-05
Austin,2104,3,3.0,0.104,2018,6,6.7,23.8,0.0222,698955,332.2,78703,Austin-Round Rock-Georgetown,2024-03-11
Dallas,2023,3,2.0,0.302,2022,2,7.4,24.6,0.0224,360404,178.15,75201,Dallas-Fort Worth-Arlington,2023-12-14
Austin,1212,3,2.0,0.272,1996,28,6.5,8.6,0.0208,356426,294.08,78703,Austin-Round Rock-Georgetown,2023-08-02
Dallas,1329,3,2.5,0.19,1972,52,5.8,17.0,0.0231,217659,163.78,75225,Dallas-Fort Worth-Arlington,2023-01-01
Houston,1973,4,3.5,0.166,2005,19,8.2,18.9,0.0241,374712,189.92,77007,Houston-The Woodlands-Sugar Land,2023-10-17
Dallas,1804,2,1.0,0.332,1977,47,6.5,18.4,0.0219,318870,176.76,75205,Dallas-Fort Worth-Arlington,2024-03-11
San Antonio,1433,3,2.5,0.106,1982,42,7.9,48.9,0.0235,214379,149.6,78258,San Antonio-New Braunfels,2023-01-19
San Antonio,2000,3,3.0,0.273,1990,34,5.8,10.1,0.0224,306164,153.08,78201,San Antonio-New Braunfels,2023-01-29
Austin,1228,2,1.5,0.094,1998,26,9.1,11.0,0.022,396072,322.53,78701,Austin-Round Rock-Georgetown,2023-07-29
Fort Worth,2473,2,1.0,0.456,2007,17,6.0,22.8,0.0221,397397,160.69,76107,Dallas-Fort Worth-Arlington,2023-10-07
Houston,2323,4,3.5,0.395,1998,26,7.0,39.1,0.023,354528,152.62,77056,Houston-The Woodlands-Sugar Land,2023-09-17
Austin,2538,3,3.0,0.122,1961,63,10.0,9.0,0.0212,837720,330.07,78703,Austin-Round Rock-Georgetown,2023-08-22
Dallas,1441,3,2.0,0.134,1981,43,7.7,4.6,0.022,272887,189.37,75225,Dallas-Fort Worth-Arlington,2023-05-20
Houston,1642,3,3.0,0.21,2009,15,6.3,8.4,0.0219,297148,180.97,77002,Houston-The Woodlands-Sugar Land,2023-02-02
San Antonio,1035,3,2.5,0.666,1995,29,7.4,12.1,0.0238,146526,141.57,78250,San Antonio-New Braunfels,2023-01-18
San Antonio,2639,3,2.0,0.183,1980,44,5.3,14.4,0.0228,342960,129.96,78201,San Antonio-New Braunfels,2023-02-24
Houston,2479,2,2.0,0.305,2014,10,6.7,17.6,0.0232,397720,160.44,77056,Houston-The Woodlands-Sugar Land,2024-01-13
Fort Worth,3675,5,3.0,1.493,1978,46,7.6,25.5,0.0225,677741,184.42,76102,Dallas-Fort Worth-Arlington,2024-03-05
Houston,1838,5,4.0,0.211,1988,36,7.0,37.9,0.0239,328479,178.72,77079,Houston-The Woodlands-Sugar Land,2023-08-26
Dallas,1635,5,5.0,0.069,1964,60,6.8,19.6,0.0228,389770,238.39,75204,Dallas-Fort Worth-Arlington,2023-02-12
Houston,2286,4,2.5,0.156,2016,8,6.5,22.2,0.023,331094,144.84,77007,Houston-The Woodlands-Sugar Land,2023-08-16
Fort Worth,1757,3,2.5,0.202,1992,32,7.6,11.7,0.0202,306770,174.6,76107,Dallas-Fort Worth-Arlington,2024-06-23
Austin,2389,4,3.0,0.075,2015,9,7.8,15.9,0.0217,843464,353.06,78701,Austin-Round Rock-Georgetown,2023-05-17
Austin,1443,4,3.5,0.295,2019,5,7.1,11.8,0.0188,475815,329.74,78702,Austin-Round Rock-Georgetown,2023-09-26
Houston,1794,3,2.5,0.226,1980,44,4.1,24.5,0.0221,274311,152.9,77024,Houston-The Woodlands-Sugar Land,2023-10-22
Fort Worth,1347,4,2.5,0.281,1981,43,7.1,17.6,0.0203,216828,160.97,76107,Dallas-Fort Worth-Arlington,2023-06-30
Fort Worth,1661,2,1.0,0.341,1962,62,6.7,12.3,0.0215,258345,155.54,76107,Dallas-Fort Worth-Arlington,2023-08-28
San Antonio,2149,3,2.5,0.224,2010,14,7.0,15.8,0.022,278672,129.68,78250,San Antonio-New Braunfels,2023-09-16
Fort Worth,1698,3,3.0,0.145,2021,3,5.7,26.8,0.0224,274946,161.92,76102,Dallas-Fort Worth-Arlington,2023-09-17
Fort Worth,1831,4,3.0,0.297,2018,6,8.0,14.0,0.0229,320125,174.84,76107,Dallas-Fort Worth-Arlington,2024-01-28
Dallas,1375,4,2.5,0.144,2007,17,9.2,23.0,0.022,240839,175.16,75204,Dallas-Fort Worth-Arlington,2023-11-14
Houston,1144,3,2.5,0.121,2012,12,6.9,23.3,0.0239,188334,164.63,77019,Houston-The Woodlands-Sugar Land,2023-01-30
San Antonio,2818,2,1.5,0.443,2001,23,5.3,60.0,0.0229,333992,118.52,78209,San Antonio-New Braunfels,2023-01-04
Dallas,2341,5,4.5,0.069,2005,19,8.9,15.2,0.0221,507606,216.83,75201,Dallas-Fort Worth-Arlington,2023-08-13
Houston,2459,3,3.0,0.197,2008,16,9.1,59.3,0.023,402880,163.84,77002,Houston-The Woodlands-Sugar Land,2024-05-11
Austin,1698,3,3.0,0.14,1969,55,9.3,10.7,0.0215,479868,282.61,78748,Austin-Round Rock-Georgetown,2023-01-21
San Antonio,2408,4,3.0,0.563,2010,14,5.5,18.0,0.0216,362927,150.72,78201,San Antonio-New Braunfels,2023-02-08
Houston,2647,4,3.0,0.106,1974,50,5.1,28.1,0.0251,466634,176.29,77056,Houston-The Woodlands-Sugar Land,2024-01-07
Fort Worth,1121,4,3.5,0.093,1995,29,6.6,34.6,0.0224,183379,163.59,76132,Dallas-Fort Worth-Arlington,2023-09-04
Houston,2522,4,3.0,0.463,1992,32,6.8,17.1,0.0239,473333,187.68,77019,Houston-The Woodlands-Sugar Land,2023-05-07
Austin,2814,4,2.5,0.279,1990,34,8.4,14.6,0.0213,842011,299.22,78703,Austin-Round Rock-Georgetown,2023-04-24
San Antonio,1464,3,2.5,0.555,1984,40,6.4,26.4,0.0236,200689,137.08,78250,San Antonio-New Braunfels,2023-12-30
Austin,2271,3,2.5,0.264,2006,18,6.7,15.2,0.0231,688375,303.12,78750,Austin-Round Rock-Georgetown,2023-10-14
Austin,2173,4,2.5,0.245,1980,44,6.4,10.2,0.0226,707239,325.47,78701,Austin-Round Rock-Georgetown,2023-12-16
Dallas,1825,3,2.0,0.181,1968,56,8.0,12.5,0.022,337952,185.18,75254,Dallas-Fort Worth-Arlington,2023-06-03
Fort Worth,1230,3,2.0,0.295,1974,50,5.4,9.3,0.0217,228456,185.74,76132,Dallas-Fort Worth-Arlington,2023-10-15
Houston,1985,3,2.5,0.31,1970,54,5.2,35.2,0.0227,312339,157.35,77002,Houston-The Woodlands-Sugar Land,2024-04-15
Houston,1644,4,3.0,0.213,1995,29,7.3,19.3,0.0224,324137,197.16,77002,Houston-The Woodlands-Sugar Land,2023-06-23
San Antonio,2671,3,3.0,0.15,1986,38,5.1,26.8,0.0208,391399,146.54,78250,San Antonio-New Braunfels,2023-08-05
Fort Worth,1835,3,3.0,0.332,1961,63,6.0,28.6,0.0219,273295,148.93,76102,Dallas-Fort Worth-Arlington,2023-03-31
Dallas,1900,3,2.5,0.277,2014,10,5.8,23.0,0.0229,379681,199.83,75225,Dallas-Fort Worth-Arlington,2023-12-16
Austin,2404,3,3.0,0.175,1986,38,7.4,5.4,0.0218,781454,325.06,78701,Austin-Round Rock-Georgetown,2023-01-18
Austin,2245,3,2.0,0.618,1986,38,8.2,13.6,0.0218,810906,361.21,78745,Austin-Round Rock-Georgetown,2023-05-17
Houston,1544,3,2.0,0.169,1982,42,6.7,43.2,0.0248,237816,154.03,77007,Houston-The Woodlands-Sugar Land,2024-01-26
Austin,1697,4,2.5,0.128,1970,54,6.0,28.1,0.0225,594163,350.13,78701,Austin-Round Rock-Georgetown,2023-01-11
Dallas,1318,4,3.0,0.292,1984,40,5.2,37.5,0.0228,245669,186.4,75201,Dallas-Fort Worth-Arlington,2024-06-25
Austin,2305,3,2.5,0.136,1963,61,5.9,21.5,0.0227,613906,266.34,78702,Austin-Round Rock-Georgetown,2023-08-10
Dallas,2220,3,2.0,0.124,2002,22,6.1,30.5,0.0219,465092,209.5,75225,Dallas-Fort Worth-Arlington,2023-08-07
San Antonio,1977,4,4.0,0.342,2013,11,7.4,29.0,0.0218,316448,160.06,78201,San Antonio-New Braunfels,2023-10-21
Dallas,1899,4,2.5,0.401,1987,37,7.5,9.2,0.0204,447468,235.63,75230,Dallas-Fort Worth-Arlington,2023-12-16
Houston,2043,5,3.5,0.096,2018,6,8.5,18.1,0.0244,402361,196.95,77024,Houston-The Woodlands-Sugar Land,2023-09-09
San Antonio,2994,4,4.0,0.36,1988,36,7.2,19.0,0.0223,555968,185.69,78209,San Antonio-New Braunfels,2024-04-28
San Antonio,1485,3,3.0,0.298,2016,8,6.0,18.7,0.0223,191289,128.81,78258,San Antonio-New Braunfels,2024-06-10
San Antonio,1955,3,2.5,0.254,1982,42,7.1,20.8,0.0231,235494,120.46,78230,San Antonio-New Braunfels,2023-04-20
Austin,1263,2,1.0,0.26,1975,49,7.3,14.6,0.0209,357109,282.75,78745,Austin-Round Rock-Georgetown,2024-01-22
Austin,1979,5,3.5,0.211,2021,3,6.6,17.3,0.0241,774941,391.58,78702,Austin-Round Rock-Georgetown,2023-06-14
Fort Worth,2456,4,2.5,0.106,2021,3,8.5,13.5,0.0211,477574,194.45,76109,Dallas-Fort Worth-Arlington,2024-06-28
Houston,1527,5,4.0,0.137,1968,56,5.9,14.9,0.0235,269296,176.36,77024,Houston-The Woodlands-Sugar Land,2023-05-19
Houston,1990,3,2.0,0.198,2001,23,7.4,30.7,0.0229,316392,158.99,77079,Houston-The Woodlands-Sugar Land,2023-06-11
Dallas,1581,3,2.5,0.235,1971,53,7.7,20.7,0.022,316817,200.39,75205,Dallas-Fort Worth-Arlington,2024-01-26
Dallas,2647,3,3.0,0.414,1968,56,7.5,24.7,0.0223,516443,195.11,75230,Dallas-Fort Worth-Arlington,2024-03-07
Fort Worth,1587,4,4.0,0.187,2013,11,7.1,16.0,0.0213,356289,224.5,76107,Dallas-Fort Worth-Arlington,2023-03-12
Houston,1716,3,2.0,0.149,1980,44,4.7,30.2,0.0258,240945,140.41,77002,Houston-The Woodlands-Sugar Land,2023-10-31
Fort Worth,1200,3,2.0,0.51,1988,36,6.7,14.6,0.0216,219224,182.69,76102,Dallas-Fort Worth-Arlington,2023-07-09
Austin,1774,4,2.5,0.165,1998,26,6.6,17.1,0.0197,542158,305.61,78750,Austin-Round Rock-Georgetown,2023-12-01
Dallas,2511,3,3.0,0.173,1983,41,8.6,28.6,0.0224,529272,210.78,75230,Dallas-Fort Worth-Arlington,2023-11-01
Dallas,2504,2,1.0,0.232,1990,34,7.9,31.1,0.0211,394519,157.56,75205,Dallas-Fort Worth-Arlington,2024-06-23
Austin,2181,3,2.0,0.225,1999,25,5.9,8.7,0.0229,746757,342.39,78745,Austin-Round Rock-Georgetown,2024-05-25
Austin,1319,3,2.0,0.524,1960,64,7.5,11.0,0.023,382259,289.81,78701,Austin-Round Rock-Georgetown,2023-12-24
Houston,2608,3,2.0,0.339,2022,2,4.8,13.0,0.0238,408048,156.46,77002,Houston-The Woodlands-Sugar Land,2024-01-07
Fort Worth,1799,4,3.0,0.28,1993,31,8.2,5.4,0.021,360864,200.59,76109,Dallas-Fort Worth-Arlington,2024-05-06
Dallas,1941,3,2.5,0.15,1969,55,6.6,15.9,0.0231,339957,175.15,75225,Dallas-Fort Worth-Arlington,2023-04-11
Fort Worth,1943,3,3.0,0.195,2012,12,8.2,37.0,0.0217,343973,177.03,76132,Dallas-Fort Worth-Arlington,2024-02-01
San Antonio,1766,3,3.0,0.269,1994,30,6.8,9.1,0.0215,311242,176.24,78250,San Antonio-New Braunfels,2024-02-27
Dallas,1896,3,2.0,0.213,1995,29,7.9,16.8,0.0217,361426,190.63,75204,Dallas-Fort Worth-Arlington,2023-03-11
San Antonio,1287,3,3.0,0.71,1962,62,6.6,5.0,0.0224,232494,180.65,78250,San Antonio-New Braunfels,2024-04-27
Austin,2463,2,2.0,0.115,1971,53,6.5,11.8,0.0216,578756,234.98,78704,Austin-Round Rock-Georgetown,2024-01-18
Austin,1345,4,4.0,0.228,1978,46,6.6,20.0,0.0203,496841,369.4,78748,Austin-Round Rock-Georgetown,2023-07-09
San Antonio,1165,5,3.0,0.635,2020,4,6.9,21.2,0.0225,178661,153.36,78205,San Antonio-New Braunfels,2023-09-22
San Antonio,1683,3,2.5,0.298,1965,59,5.2,18.8,0.0212,231723,137.68,78201,San Antonio-New Braunfels,2023-09-25
Houston,1813,3,2.5,0.491,1964,60,5.9,22.6,0.022,268416,148.05,77002,Houston-The Woodlands-Sugar Land,2024-05-17
Dallas,1848,3,2.0,0.077,1997,27,4.4,10.6,0.0226,289385,156.59,75254,Dallas-Fort Worth-Arlington,2024-06-14
Dallas,1326,5,5.0,0.218,2022,2,8.0,25.1,0.0205,313393,236.34,75201,Dallas-Fort Worth-Arlington,2024-03-17
Fort Worth,1218,3,3.0,0.125,1981,43,5.8,9.5,0.0232,252626,207.41,76132,Dallas-Fort Worth-Arlington,2023-12-23
Dallas,1733,3,2.0,0.155,1991,33,6.8,13.0,0.0222,337475,194.73,75230,Dallas-Fort Worth-Arlington,2023-02-26
Houston,2313,2,1.5,0.349,1996,28,6.8,34.3,0.0238,295062,127.57,77002,Houston-The Woodlands-Sugar Land,2024-05-15
Houston,1365,3,2.5,0.368,1980,44,7.2,38.1,0.0234,215896,158.17,77079,Houston-The Woodlands-Sugar Land,2023-03-15
Houston,3009,4,3.0,0.569,1992,32,6.9,18.9,0.0222,554614,184.32,77002,Houston-The Woodlands-Sugar Land,2023-04-02
Dallas,2898,3,2.0,0.055,2012,12,7.1,17.6,0.0213,661526,228.27,75201,Dallas-Fort Worth-Arlington,2023-02-08
Fort Worth,1941,3,2.5,0.423,1976,48,4.6,13.7,0.0228,303473,156.35,76109,Dallas-Fort Worth-Arlington,2024-06-02
Houston,1637,4,3.0,0.319,2014,10,6.3,19.5,0.0222,262803,160.54,77007,Houston-The Woodlands-Sugar Land,2023-09-27
Houston,1535,3,2.5,0.092,1997,27,7.1,24.7,0.0247,233326,152.0,77007,Houston-The Woodlands-Sugar Land,2023-05-10
Houston,2295,3,2.5,0.366,2001,23,7.7,25.9,0.0227,366809,159.83,77007,Houston-The Woodlands-Sugar Land,2023-02-14
San Antonio,1293,3,3.0,0.119,1988,36,7.0,29.1,0.0216,188038,145.43,78230,San Antonio-New Braunfels,2023-08-14
San Antonio,1429,3,2.0,0.336,1999,25,5.7,26.5,0.0223,183966,128.74,78201,San Antonio-New Braunfels,2024-01-31
Austin,1304,3,2.0,0.212,1980,44,10.0,28.6,0.0212,386517,296.41,78702,Austin-Round Rock-Georgetown,2024-06-28
Austin,2187,3,2.5,0.224,1979,45,8.4,19.7,0.0232,680432,311.13,78704,Austin-Round Rock-Georgetown,2023-10-30
Dallas,1933,3,2.5,0.148,2012,12,7.2,19.8,0.0224,337056,174.37,75205,Dallas-Fort Worth-Arlington,2023-11-29
Austin,1196,3,2.5,0.122,1990,34,8.9,12.9,0.0217,344440,287.99,78745,Austin-Round Rock-Georgetown,2024-04-02
San Antonio,1697,3,3.0,0.151,1990,34,6.7,48.0,0.0225,215907,127.23,78205,San Antonio-New Braunfels,2024-05-08
Houston,1993,3,2.5,0.23,1961,63,5.1,13.6,0.0229,296794,148.92,77024,Houston-The Woodlands-Sugar Land,2023-06-03
Austin,1603,2,1.0,0.307,1984,40,8.0,17.1,0.021,462800,288.71,78748,Austin-Round Rock-Georgetown,2024-06-26
Fort Worth,2216,3,2.5,0.393,1994,30,7.9,26.8,0.0217,399610,180.33,76107,Dallas-Fort Worth-Arlington,2023-10-11
Austin,2614,3,2.0,0.201,1973,51,8.6,9.3,0.0214,802321,306.93,78702,Austin-Round Rock-Georgetown,2024-05-23
Houston,1080,2,2.0,0.213,1985,39,8.5,12.0,0.0222,133910,123.99,77024,Houston-The Woodlands-Sugar Land,2023-03-06
Austin,1644,4,2.5,0.35,1995,29,9.1,14.6,0.0211,603366,367.01,78745,Austin-Round Rock-Georgetown,2023-02-23
Austin,1888,4,3.0,0.138,1990,34,9.0,43.7,0.0216,554187,293.53,78701,Austin-Round Rock-Georgetown,2024-04-28
Austin,1331,2,1.5,0.25,2006,18,9.1,17.4,0.0213,410250,308.23,78704,Austin-Round Rock-Georgetown,2024-01-03
Austin,1999,3,3.0,0.146,1966,58,9.0,4.2,0.0228,728867,364.62,78702,Austin-Round Rock-Georgetown,2023-04-06
Austin,1917,3,3.0,0.122,1963,61,8.8,9.3,0.0209,666532,347.7,78704,Austin-Round Rock-Georgetown,2024-05-04
Austin,2545,3,2.0,0.122,1971,53,9.0,8.5,0.0219,839864,330.01,78750,Austin-Round Rock-Georgetown,2023-02-25
Dallas,1947,3,2.5,0.158,1969,55,6.0,29.9,0.0212,355706,182.69,75225,Dallas-Fort Worth-Arlington,2024-01-09
San Antonio,1908,5,4.5,0.536,1962,62,6.7,9.7,0.0228,320484,167.97,78250,San Antonio-New Braunfels,2023-04-23
Houston,5918,4,3.5,0.549,2010,14,4.6,23.1,0.025,995661,168.24,77007,Houston-The Woodlands-Sugar Land,2023-02-08
Houston,1248,2,2.0,0.293,1972,52,5.8,15.6,0.0224,185474,148.62,77079,Houston-The Woodlands-Sugar Land,2024-03-17
Dallas,2988,2,2.0,0.081,1961,63,5.6,23.5,0.0207,482701,161.55,75230,Dallas-Fort Worth-Arlington,2024-04-08
Fort Worth,2169,4,4.0,0.221,2003,21,7.6,34.0,0.0224,421507,194.33,76132,Dallas-Fort Worth-Arlington,2023-02-27
San Antonio,1558,4,2.5,0.299,1973,51,6.9,5.6,0.0217,261995,168.16,78250,San Antonio-New Braunfels,2023-02-20
Austin,1945,3,2.0,0.177,1999,25,8.6,17.1,0.0211,568807,292.45,78745,Austin-Round Rock-Georgetown,2023-12-03
Houston,3968,4,2.5,0.331,1965,59,5.6,41.7,0.0222,622792,156.95,77024,Houston-The Woodlands-Sugar Land,2023-01-16
Houston,1284,3,3.0,0.144,1994,30,4.4,28.8,0.0251,216662,168.74,77079,Houston-The Woodlands-Sugar Land,2024-02-13
Houston,1943,3,2.5,0.459,1995,29,6.4,22.4,0.0233,324667,167.1,77079,Houston-The Woodlands-Sugar Land,2024-05-15
Dallas,1921,4,3.0,0.412,1960,64,8.7,22.9,0.0237,382806,199.27,75205,Dallas-Fort Worth-Arlington,2024-02-15
Houston,3417,3,2.0,0.114,1999,25,6.0,27.1,0.0234,604643,176.95,77002,Houston-The Woodlands-Sugar Land,2023-05-07
Austin,1554,5,5.0,0.275,1966,58,6.9,28.3,0.0227,561429,361.28,78701,Austin-Round Rock-Georgetown,2023-04-14
Houston,2232,2,2.0,0.344,1992,32,6.8,14.4,0.022,318145,142.54,77007,Houston-The Woodlands-Sugar Land,2024-01-08
Dallas,2137,4,3.5,0.243,1993,31,6.4,37.5,0.0217,408065,190.95,75201,Dallas-Fort Worth-Arlington,2023-02-03
Austin,2195,4,4.0,0.324,2020,4,6.0,24.5,0.023,708283,322.68,78702,Austin-Round Rock-Georgetown,2023-10-22
San Antonio,2128,5,5.0,0.136,2007,17,7.5,11.4,0.022,362263,170.24,78201,San Antonio-New Braunfels,2023-09-03
Austin,2105,3,2.5,0.084,1992,32,6.8,17.1,0.0233,652764,310.1,78750,Austin-Round Rock-Georgetown,2024-02-12
Fort Worth,1763,2,2.0,0.186,1993,31,5.8,40.4,0.0193,283666,160.9,76102,Dallas-Fort Worth-Arlington,2023-04-21
Austin,1653,3,3.0,0.117,2006,18,7.3,13.1,0.0219,508069,307.36,78745,Austin-Round Rock-Georgetown,2024-02-21
San Antonio,1216,3,2.5,0.245,1971,53,7.0,14.0,0.0218,197081,162.07,78209,San Antonio-New Braunfels,2024-01-18
Fort Worth,1871,3,3.0,0.152,1989,35,6.3,20.1,0.0218,331931,177.41,76102,Dallas-Fort Worth-Arlington,2023-05-11
Fort Worth,3708,2,2.0,0.285,2007,17,7.0,20.4,0.022,610486,164.64,76109,Dallas-Fort Worth-Arlington,2023-07-15
San Antonio,1919,3,2.5,0.133,1971,53,10.0,11.2,0.0226,259577,135.27,78258,San Antonio-New Braunfels,2023-02-06
San Antonio,2019,3,2.0,0.438,1961,63,7.1,21.3,0.0207,317737,157.37,78250,San Antonio-New Braunfels,2023-09-03
Dallas,1398,4,3.0,0.255,1975,49,6.2,19.4,0.0215,276878,198.05,75254,Dallas-Fort Worth-Arlington,2023-05-23
San Antonio,1809,3,3.0,0.223,1989,35,5.9,12.1,0.0229,243829,134.79,78230,San Antonio-New Braunfels,2023-03-04
Austin,965,4,4.0,0.16,2002,22,6.7,14.6,0.02,301209,312.13,78745,Austin-Round Rock-Georgetown,2023-11-03
Dallas,1596,3,2.5,0.138,1986,38,9.5,21.5,0.0223,309771,194.09,75201,Dallas-Fort Worth-Arlington,2023-11-07
Dallas,1672,5,5.0,0.236,1975,49,7.0,16.8,0.0227,334449,200.03,75254,Dallas-Fort Worth-Arlington,2023-02-17
San Antonio,1633,3,3.0,0.396,1975,49,3.9,7.5,0.0224,217351,133.1,78250,San Antonio-New Braunfels,2023-04-12
Dallas,1344,4,3.5,0.239,1977,47,6.4,25.8,0.0216,262455,195.28,75204,Dallas-Fort Worth-Arlington,2023-02-15
Houston,2522,5,4.5,0.261,1966,58,8.3,12.8,0.0221,445625,176.7,77019,Houston-The Woodlands-Sugar Land,2024-01-07
Dallas,2155,2,2.0,0.098,1989,35,5.7,17.6,0.0215,350720,162.75,75225,Dallas-Fort Worth-Arlington,2023-07-04
Houston,3340,4,2.5,0.17,1980,44,7.1,21.4,0.0213,621755,186.15,77002,Houston-The Woodlands-Sugar Land,2023-02-08
Austin,1824,3,3.0,0.163,1979,45,7.1,26.0,0.0218,558523,306.21,78748,Austin-Round Rock-Georgetown,2023-04-15
Dallas,3005,4,2.5,0.077,1995,29,6.4,10.9,0.0227,613828,204.27,75204,Dallas-Fort Worth-Arlington,2024-06-17
Houston,1383,4,4.0,0.227,1990,34,4.8,28.7,0.0234,266248,192.51,77002,Houston-The Woodlands-Sugar Land,2023-05-20
Houston,2708,2,1.5,0.101,2023,1,5.6,26.0,0.0208,391026,144.4,77007,Houston-The Woodlands-Sugar Land,2024-01-10
Houston,1546,3,2.0,0.302,1964,60,6.8,44.3,0.023,212605,137.52,77079,Houston-The Woodlands-Sugar Land,2023-09-14
Houston,1950,4,3.0,0.333,1961,63,9.8,16.1,0.0227,335297,171.95,77007,Houston-The Woodlands-Sugar Land,2023-04-10
Houston,2237,4,4.0,0.449,2008,16,6.1,36.0,0.0235,389945,174.32,77024,Houston-The Woodlands-Sugar Land,2023-06-18
Houston,1910,3,2.5,0.28,2014,10,5.9,53.7,0.0239,273080,142.97,77056,Houston-The Woodlands-Sugar Land,2023-01-08
San Antonio,2274,4,4.0,0.369,2014,10,7.0,17.8,0.0225,388434,170.82,78201,San Antonio-New Braunfels,2024-02-13
Houston,2249,4,4.0,0.647,1975,49,5.5,27.2,0.0227,435878,193.81,77056,Houston-The Woodlands-Sugar Land,2023-07-02
Fort Worth,1509,3,3.0,0.284,1981,43,5.4,15.7,0.0196,262634,174.05,76107,Dallas-Fort Worth-Arlington,2023-10-01
Fort Worth,1704,3,3.0,0.107,2014,10,8.0,14.1,0.0234,338866,198.87,76109,Dallas-Fort Worth-Arlington,2023-03-25
Dallas,1478,3,3.0,0.154,1980,44,7.0,34.0,0.0213,276926,187.37,75204,Dallas-Fort Worth-Arlington,2024-03-26
Houston,2796,5,4.5,0.197,2000,24,4.7,13.0,0.0233,510537,182.6,77002,Houston-The Woodlands-Sugar Land,2023-04-30
Dallas,2045,3,2.5,0.156,1980,44,7.4,12.7,0.0234,423851,207.26,75230,Dallas-Fort Worth-Arlington,2023-11-06
San Antonio,2127,3,2.5,0.233,1972,52,6.9,10.1,0.0228,279248,131.29,78250,San Antonio-New Braunfels,2024-04-22
Dallas,2460,3,3.0,0.059,1979,45,6.0,23.9,0.022,357171,145.19,75254,Dallas-Fort Worth-Arlington,2024-01-26
San Antonio,2831,4,2.5,0.425,1966,58,5.7,11.3,0.0229,473464,167.24,78230,San Antonio-New Braunfels,2023-11-26
Dallas,3255,3,2.0,0.289,1986,38,5.7,24.8,0.0213,596903,183.38,75205,Dallas-Fort Worth-Arlington,2024-04-30
Dallas,1868,4,3.5,0.05,1969,55,7.4,24.8,0.0224,374654,200.56,75204,Dallas-Fort Worth-Arlington,2023-04-07
Houston,3436,5,3.5,0.282,1982,42,7.3,37.1,0.0234,569283,165.68,77007,Houston-The Woodlands-Sugar Land,2024-06-11
San Antonio,938,4,4.0,0.189,2014,10,7.5,17.2,0.0238,152433,162.51,78230,San Antonio-New Braunfels,2023-11-01
Houston,2416,5,5.0,0.084,1988,36,6.2,33.6,0.0245,455453,188.52,77019,Houston-The Woodlands-Sugar Land,2023-08-13
San Antonio,1786,3,2.5,0.369,2010,14,7.5,13.4,0.0228,295813,165.63,78216,San Antonio-New Braunfels,2023-05-20
Fort Worth,3491,3,2.0,0.227,1992,32,7.7,18.9,0.022,556422,159.39,76102,Dallas-Fort Worth-Arlington,2024-02-12
Austin,2803,3,3.0,0.191,2011,13,10.0,11.3,0.0208,919594,328.07,78704,Austin-Round Rock-Georgetown,2024-06-17
Dallas,3289,3,3.0,0.927,2018,6,7.9,10.4,0.022,704747,214.27,75204,Dallas-Fort Worth-Arlington,2024-01-13
Austin,2449,3,2.5,0.13,2009,15,9.0,9.9,0.0205,692600,282.81,78701,Austin-Round Rock-Georgetown,2023-01-18
San Antonio,1219,3,3.0,0.282,1972,52,5.1,3.3,0.0215,167875,137.72,78201,San Antonio-New Braunfels,2023-09-14
Austin,1584,5,4.0,0.305,1964,60,8.1,13.7,0.0207,561861,354.71,78704,Austin-Round Rock-Georgetown,2024-02-05
Fort Worth,1573,3,2.5,0.133,2002,22,8.2,24.8,0.0214,284684,180.98,76107,Dallas-Fort Worth-Arlington,2023-08-06
Austin,1852,3,3.0,0.124,1960,64,7.0,6.2,0.0211,595397,321.49,78701,Austin-Round Rock-Georgetown,2024-02-27
Fort Worth,1607,5,5.0,0.512,2018,6,8.0,50.5,0.021,267846,166.67,76109,Dallas-Fort Worth-Arlington,2024-01-22
San Antonio,1705,3,3.0,0.276,1961,63,8.1,19.4,0.0233,230350,135.1,78205,San Antonio-New Braunfels,2023-02-06
Dallas,1439,4,3.5,0.124,2008,16,6.5,13.0,0.0213,273828,190.29,75201,Dallas-Fort Worth-Arlington,2023-11-02
San Antonio,1243,3,3.0,0.455,1998,26,6.9,18.3,0.0218,183199,147.38,78201,San Antonio-New Braunfels,2023-04-05
San Antonio,2173,3,2.0,0.447,1961,63,6.5,23.8,0.022,249765,114.94,78216,San Antonio-New Braunfels,2023-09-24
Fort Worth,2145,4,3.0,0.301,2005,19,6.6,13.4,0.0224,421929,196.7,76132,Dallas-Fort Worth-Arlington,2023-07-30
Houston,1774,3,2.0,0.165,1979,45,8.8,34.0,0.0226,287433,162.03,77007,Houston-The Woodlands-Sugar Land,2024-03-17
Dallas,2095,3,3.0,0.175,1969,55,6.8,20.4,0.0231,385452,183.99,75204,Dallas-Fort Worth-Arlington,2024-04-19
Austin,1383,3,2.0,0.164,2001,23,7.7,42.9,0.0193,377836,273.2,78702,Austin-Round Rock-Georgetown,2023-09-10
Dallas,1997,2,1.0,0.293,2020,4,7.1,15.7,0.0219,353015,176.77,75205,Dallas-Fort Worth-Arlington,2023-10-21
Austin,1855,3,3.0,0.283,2009,15,6.6,8.3,0.0198,635139,342.39,78748,Austin-Round Rock-Georgetown,2023-12-09
Dallas,2155,3,2.5,0.525,1975,49,6.5,19.6,0.0229,371821,172.54,75204,Dallas-Fort Worth-Arlington,2023-12-25
Dallas,1697,3,3.0,0.216,1983,41,9.1,32.9,0.0224,307513,181.21,75225,Dallas-Fort Worth-Arlington,2023-12-14
Dallas,2748,3,2.0,0.203,2004,20,4.0,15.2,0.0227,479554,174.51,75254,Dallas-Fort Worth-Arlington,2024-03-04
Dallas,2478,3,2.0,0.172,1974,50,7.2,15.1,0.0232,430608,173.77,75254,Dallas-Fort Worth-Arlington,2024-06-21
San Antonio,2142,4,2.5,0.106,2005,19,6.5,43.1,0.0231,261927,122.28,78216,San Antonio-New Braunfels,2024-03-28
San Antonio,800,3,2.0,0.464,1984,40,5.4,19.1,0.0233,104719,130.9,78230,San Antonio-New Braunfels,2023-03-15
Dallas,1760,3,2.5,0.249,1970,54,7.2,29.3,0.0215,289218,164.33,75254,Dallas-Fort Worth-Arlington,2023-09-18
Dallas,3619,4,3.0,0.173,1978,46,7.3,14.8,0.022,739866,204.44,75230,Dallas-Fort Worth-Arlington,2023-09-10
Fort Worth,2086,3,3.0,0.214,2006,18,7.7,10.0,0.0213,368899,176.85,76107,Dallas-Fort Worth-Arlington,2023-10-06
Austin,2952,3,2.5,0.122,2011,13,7.6,12.4,0.0228,794291,269.07,78701,Austin-Round Rock-Georgetown,2023-10-17
Austin,1280,3,3.0,0.111,2022,2,6.2,9.7,0.0195,374354,292.46,78701,Austin-Round Rock-Georgetown,2024-01-28
Austin,2723,3,3.0,0.099,1970,54,6.3,7.9,0.0215,885181,325.08,78750,Austin-Round Rock-Georgetown,2023-08-19
Dallas,2621,2,1.5,0.183,1999,25,6.8,16.3,0.024,396404,151.24,75225,Dallas-Fort Worth-Arlington,2023-05-25
Houston,1957,3,2.5,0.159,1973,51,6.2,19.7,0.0214,317767,162.37,77007,Houston-The Woodlands-Sugar Land,2023-09-08
San Antonio,2381,3,2.0,0.246,1981,43,5.4,13.5,0.0247,327143,137.4,78209,San Antonio-New Braunfels,2024-04-12
Dallas,1400,4,3.0,0.088,1982,42,6.0,14.4,0.0229,291914,208.51,75204,Dallas-Fort Worth-Arlington,2023-06-20
Houston,2456,3,2.5,0.275,2002,22,6.0,19.1,0.0234,381235,155.23,77056,Houston-The Woodlands-Sugar Land,2023-01-12
Fort Worth,2118,4,4.0,0.475,1985,39,7.7,9.6,0.0207,397626,187.74,76109,Dallas-Fort Worth-Arlington,2024-06-18
San Antonio,1508,3,3.0,0.497,1991,33,6.9,12.8,0.0204,227458,150.83,78258,San Antonio-New Braunfels,2023-04-18
Houston,2116,4,3.0,0.493,1998,26,7.7,13.6,0.0225,378505,178.88,77007,Houston-The Woodlands-Sugar Land,2023-11-26
Houston,1664,2,2.0,0.122,1993,31,8.2,23.2,0.0213,254215,152.77,77019,Houston-The Woodlands-Sugar Land,2024-03-13
Houston,2284,3,2.0,0.385,1969,55,7.0,11.4,0.0216,392366,171.79,77002,Houston-The Woodlands-Sugar Land,2023-05-31
Austin,2720,3,2.5,0.339,2022,2,8.9,8.9,0.0232,952489,350.18,78750,Austin-Round Rock-Georgetown,2023-07-06
Austin,1692,3,3.0,0.066,1995,29,8.9,8.7,0.0219,535975,316.77,78704,Austin-Round Rock-Georgetown,2023-06-03
Fort Worth,1829,5,3.5,0.727,1992,32,8.7,23.9,0.0218,407673,222.89,76109,Dallas-Fort Worth-Arlington,2023-03-23
Houston,2947,3,3.0,0.078,1992,32,8.1,60.0,0.0231,381443,129.43,77019,Houston-The Woodlands-Sugar Land,2023-03-25
Houston,2520,3,2.5,0.341,1997,27,7.1,17.2,0.0224,417469,165.66,77007,Houston-The Woodlands-Sugar Land,2023-04-13
San Antonio,1724,5,5.0,0.287,1978,46,6.3,7.9,0.0235,233962,135.71,78258,San Antonio-New Braunfels,2023-09-08
Dallas,1749,4,4.0,0.252,2001,23,8.6,12.6,0.0226,402257,229.99,75205,Dallas-Fort Worth-Arlington,2023-10-18
Fort Worth,1184,4,2.5,0.301,1988,36,7.5,23.0,0.0213,231946,195.9,76109,Dallas-Fort Worth-Arlington,2023-01-09
San Antonio,1221,4,3.0,0.156,2019,5,7.0,27.4,0.0222,201028,164.64,78201,San Antonio-New Braunfels,2024-04-07
Dallas,2030,4,3.5,0.15,1979,45,6.4,22.3,0.0222,356593,175.66,75204,Dallas-Fort Worth-Arlington,2024-01-05
Houston,1279,4,3.5,0.28,2022,2,7.7,11.7,0.0216,272201,212.82,77056,Houston-The Woodlands-Sugar Land,2023-02-08
Fort Worth,2200,2,2.0,0.172,1974,50,5.6,31.1,0.021,359710,163.5,76102,Dallas-Fort Worth-Arlington,2024-04-05
San Antonio,1729,4,2.5,0.05,2017,7,6.4,14.7,0.0233,225948,130.68,78201,San Antonio-New Braunfels,2023-01-17
Fort Worth,2805,3,2.0,0.227,1964,60,8.2,9.6,0.0225,458596,163.49,76132,Dallas-Fort Worth-Arlington,2023-11-03
Austin,1157,5,4.0,0.11,1968,56,8.6,5.7,0.0194,472733,408.59,78703,Austin-Round Rock-Georgetown,2023-09-12
San Antonio,2557,4,4.0,0.431,2000,24,7.0,17.2,0.0236,393228,153.78,78205,San Antonio-New Braunfels,2023-10-02
Dallas,2018,3,3.0,0.142,1993,31,7.3,18.3,0.021,422361,209.3,75225,Dallas-Fort Worth-Arlington,2024-06-07
Austin,1417,2,2.0,0.223,1993,31,5.6,21.9,0.0208,419307,295.91,78702,Austin-Round Rock-Georgetown,2024-05-22
Dallas,1732,4,2.5,0.152,2022,2,8.7,18.4,0.0224,375381,216.73,75201,Dallas-Fort Worth-Arlington,2023-06-02
San Antonio,2514,3,2.0,0.16,1989,35,6.6,14.3,0.0232,391284,155.64,78201,San Antonio-New Braunfels,2023-11-14
Austin,1417,3,3.0,0.609,1975,49,8.5,17.8,0.0202,450142,317.67,78701,Austin-Round Rock-Georgetown,2024-06-08
Houston,2446,3,2.0,0.937,1967,57,5.7,13.2,0.0221,426310,174.29,77002,Houston-The Woodlands-Sugar Land,2024-02-03
San Antonio,2665,3,2.0,0.143,1960,64,7.6,13.2,0.0222,392093,147.13,78230,San Antonio-New Braunfels,2024-04-30
Houston,1984,4,3.5,0.377,2000,24,8.8,29.5,0.0238,356919,179.9,77007,Houston-The Woodlands-Sugar Land,2023-08-26
Houston,1698,3,3.0,0.1,1976,48,6.4,21.1,0.0225,301256,177.42,77002,Houston-The Woodlands-Sugar Land,2023-06-04
Houston,2425,3,2.5,0.246,1963,61,5.7,22.1,0.023,326633,134.69,77002,Houston-The Woodlands-Sugar Land,2023-10-07
Houston,1786,3,2.5,0.309,1972,52,6.1,27.8,0.0228,210353,117.78,77019,Houston-The Woodlands-Sugar Land,2024-03-22
Fort Worth,1712,3,3.0,0.25,2015,9,8.9,13.7,0.0218,295505,172.61,76132,Dallas-Fort Worth-Arlington,2024-05-23
San Antonio,3177,3,3.0,0.527,2008,16,7.3,10.3,0.0219,512510,161.32,78209,San Antonio-New Braunfels,2024-01-11
Austin,1575,5,3.0,0.074,1984,40,10.0,15.3,0.0206,537915,341.53,78701,Austin-Round Rock-Georgetown,2024-01-22
Fort Worth,1123,3,2.5,0.893,1988,36,7.9,19.1,0.0214,187892,167.31,76102,Dallas-Fort Worth-Arlington,2023-10-07
Fort Worth,3673,3,3.0,0.54,1965,59,4.9,14.3,0.0211,611523,166.49,76107,Dallas-Fort Worth-Arlington,2023-06-24
Houston,2062,5,4.0,0.123,1978,46,7.1,29.9,0.023,378208,183.42,77007,Houston-The Woodlands-Sugar Land,2023-08-20
San Antonio,1425,3,2.5,0.285,1962,62,7.2,32.4,0.0234,194712,136.64,78258,San Antonio-New Braunfels,2023-09-30
Austin,1336,2,1.5,0.209,1969,55,7.5,8.8,0.0203,324588,242.96,78748,Austin-Round Rock-Georgetown,2024-03-22
Fort Worth,1845,4,3.0,0.185,1975,49,5.4,24.2,0.0225,308070,166.98,76107,Dallas-Fort Worth-Arlington,2023-10-31
Dallas,1754,3,3.0,0.113,1981,43,8.6,28.0,0.0226,368725,210.22,75254,Dallas-Fort Worth-Arlington,2024-03-09
Dallas,1105,4,2.5,0.33,2002,22,7.7,18.4,0.0217,235997,213.57,75204,Dallas-Fort Worth-Arlington,2023-01-15
Austin,1730,5,4.5,0.13,1998,26,10.0,10.2,0.0213,634368,366.69,78701,Austin-Round Rock-Georgetown,2024-02-19
Fort Worth,2189,4,3.0,0.389,2016,8,6.2,29.7,0.0226,438795,200.45,76132,Dallas-Fort Worth-Arlington,2023-10-05
Austin,1981,5,5.0,0.339,1961,63,8.5,9.0,0.0214,832492,420.24,78750,Austin-Round Rock-Georgetown,2024-06-30
Houston,3507,4,2.5,0.11,1974,50,7.4,11.8,0.0215,606908,173.06,77007,Houston-The Woodlands-Sugar Land,2023-09-16
Austin,2222,3,2.5,0.248,1989,35,6.9,13.3,0.02,569482,256.29,78745,Austin-Round Rock-Georgetown,2023-09-19
San Antonio,2435,3,2.0,0.455,1979,45,5.8,21.5,0.0218,281277,115.51,78205,San Antonio-New Braunfels,2023-03-11
Houston,2179,3,2.0,0.765,1995,29,5.0,26.6,0.022,354750,162.8,77024,Houston-The Woodlands-Sugar Land,2024-03-17
Fort Worth,2165,4,3.5,0.148,1981,43,8.1,48.5,0.0223,364812,168.5,76109,Dallas-Fort Worth-Arlington,2024-01-19
Dallas,2214,3,3.0,0.433,1984,40,6.3,17.6,0.0226,439081,198.32,75230,Dallas-Fort Worth-Arlington,2024-04-16
Austin,1509,4,3.5,0.368,2019,5,9.9,34.5,0.0216,510549,338.34,78704,Austin-Round Rock-Georgetown,2023-02-20
Austin,2849,2,1.5,0.097,2013,11,8.7,12.8,0.0215,918280,322.32,78745,Austin-Round Rock-Georgetown,2023-04-26
Austin,2385,4,3.0,0.21,2021,3,8.9,6.5,0.0208,801200,335.93,78704,Austin-Round Rock-Georgetown,2024-04-24
Dallas,2013,3,2.5,0.11,2007,17,7.8,23.8,0.0224,405873,201.63,75230,Dallas-Fort Worth-Arlington,2023-01-24
San Antonio,2136,2,1.5,0.124,2003,21,7.5,25.0,0.0228,307997,144.19,78205,San Antonio-New Braunfels,2023-10-05
Houston,2221,3,3.0,0.07,1993,31,6.7,15.8,0.0218,406116,182.85,77019,Houston-The Woodlands-Sugar Land,2023-08-10
San Antonio,2268,3,3.0,0.28,1973,51,7.7,10.6,0.0225,363464,160.26,78209,San Antonio-New Braunfels,2024-05-28
Austin,1062,4,3.0,0.166,2018,6,7.5,15.0,0.0234,350587,330.12,78704,Austin-Round Rock-Georgetown,2024-04-13
San Antonio,2128,3,3.0,0.695,1980,44,6.5,39.0,0.0233,301164,141.52,78201,San Antonio-New Braunfels,2024-05-05
Fort Worth,1941,3,2.5,0.401,1992,32,7.0,17.1,0.0215,369235,190.23,76107,Dallas-Fort Worth-Arlington,2023-06-08
San Antonio,2816,3,2.5,0.294,1994,30,8.3,28.4,0.0212,401637,142.63,78258,San Antonio-New Braunfels,2023-11-18
San Antonio,1474,3,2.5,0.1,1996,28,4.6,10.6,0.0228,214829,145.75,78201,San Antonio-New Braunfels,2024-01-18
San Antonio,2223,3,2.0,0.474,2021,3,4.4,29.0,0.0222,315576,141.96,78230,San Antonio-New Braunfels,2024-06-13
Austin,1277,4,3.0,0.36,1979,45,6.2,14.2,0.0204,422789,331.08,78745,Austin-Round Rock-Georgetown,2023-01-05
Houston,2651,3,2.0,0.408,1995,29,8.4,9.7,0.0236,479495,180.87,77019,Houston-The Woodlands-Sugar Land,2024-06-18
Austin,1758,2,1.0,0.088,1982,42,7.9,13.7,0.0222,460439,261.91,78701,Austin-Round Rock-Georgetown,2023-07-14
Dallas,1628,3,2.0,0.71,2019,5,5.4,21.1,0.0209,330058,202.74,75201,Dallas-Fort Worth-Arlington,2023-03-12
San Antonio,1471,3,3.0,0.224,1972,52,6.9,20.4,0.0225,188101,127.87,78205,San Antonio-New Braunfels,2023-12-03
Dallas,2488,3,2.0,0.118,2022,2,5.3,17.7,0.0233,467921,188.07,75201,Dallas-Fort Worth-Arlington,2024-03-03
San Antonio,1836,4,3.5,0.126,2005,19,5.6,21.3,0.0206,309059,168.33,78201,San Antonio-New Braunfels,2023-03-12
Austin,2291,4,3.0,0.163,1997,27,6.8,13.1,0.0205,780732,340.78,78702,Austin-Round Rock-Georgetown,2023-01-23
San Antonio,2483,3,3.0,0.408,1994,30,6.1,12.6,0.023,354347,142.71,78205,San Antonio-New Braunfels,2024-05-05
Houston,2276,3,2.5,0.343,1987,37,7.9,13.4,0.0237,362919,159.45,77079,Houston-The Woodlands-Sugar Land,2024-05-25
Houston,2110,3,2.0,0.377,1988,36,9.1,15.5,0.022,333141,157.89,77024,Houston-The Woodlands-Sugar Land,2023-03-27
San Antonio,1806,4,4.0,0.169,1960,64,7.4,19.1,0.0219,295315,163.52,78201,San Antonio-New Braunfels,2024-05-09
Fort Worth,2459,3,3.0,0.062,1986,38,5.7,13.8,0.0219,391928,159.39,76109,Dallas-Fort Worth-Arlington,2024-05-12
Dallas,1714,3,2.0,0.232,1985,39,7.7,18.1,0.0205,309387,180.51,75201,Dallas-Fort Worth-Arlington,2024-06-29
Austin,1681,3,3.0,0.423,2016,8,9.1,8.5,0.0222,606283,360.67,78703,Austin-Round Rock-Georgetown,2023-04-29
Dallas,1570,4,2.5,0.077,1968,56,7.7,20.1,0.0218,309927,197.41,75201,Dallas-Fort Worth-Arlington,2023-11-13
Austin,1531,4,4.0,0.199,1976,48,8.5,7.9,0.0206,444094,290.07,78701,Austin-Round Rock-Georgetown,2024-06-27
Fort Worth,2345,3,2.0,0.292,1993,31,7.7,11.0,0.0217,471581,201.1,76102,Dallas-Fort Worth-Arlington,2024-05-08
San Antonio,3261,3,3.0,0.128,1971,53,7.4,14.8,0.0231,452862,138.87,78216,San Antonio-New Braunfels,2023-11-27
Austin,1803,4,3.0,0.242,1994,30,7.4,7.2,0.0231,730956,405.41,78704,Austin-Round Rock-Georgetown,2023-04-18
Austin,2172,4,3.5,0.244,1963,61,9.7,7.6,0.0214,774974,356.8,78703,Austin-Round Rock-Georgetown,2023-02-16
Houston,2721,4,3.0,0.34,2013,11,8.1,21.1,0.0234,474919,174.54,77024,Houston-The Woodlands-Sugar Land,2023-05-22
Fort Worth,1536,3,2.5,0.314,1972,52,8.8,11.8,0.0212,282178,183.71,76109,Dallas-Fort Worth-Arlington,2023-02-05
Houston,1772,2,2.0,0.129,2016,8,6.9,24.0,0.0239,278051,156.91,77056,Houston-The Woodlands-Sugar Land,2023-04-17
San Antonio,2239,3,2.5,0.152,2016,8,6.8,13.5,0.0242,368794,164.71,78230,San Antonio-New Braunfels,2023-02-10
Dallas,2418,4,2.5,0.084,1984,40,6.9,18.9,0.0222,497134,205.6,75225,Dallas-Fort Worth-Arlington,2024-02-21
Dallas,2636,3,3.0,0.43,2021,3,8.1,14.8,0.0219,547952,207.87,75205,Dallas-Fort Worth-Arlington,2023-11-19
Austin,1918,2,1.0,0.202,1999,25,8.9,6.0,0.021,620352,323.44,78702,Austin-Round Rock-Georgetown,2023-10-11
Fort Worth,2233,4,3.0,0.081,2019,5,7.8,52.2,0.0198,456019,204.22,76107,Dallas-Fort Worth-Arlington,2024-03-18
Houston,914,4,2.5,0.057,2016,8,7.3,39.1,0.0234,160743,175.87,77002,Houston-The Woodlands-Sugar Land,2023-08-13
Dallas,1767,4,4.0,0.514,1965,59,8.6,6.7,0.0205,366814,207.59,75254,Dallas-Fort Worth-Arlington,2023-08-09
San Antonio,1209,4,4.0,0.099,2012,12,7.4,21.6,0.022,194873,161.19,78209,San Antonio-New Braunfels,2023-04-24
Dallas,1114,4,2.5,0.199,2000,24,7.7,20.3,0.0217,234022,210.07,75230,Dallas-Fort Worth-Arlington,2023-09-01
Fort Worth,2674,4,3.5,0.209,1996,28,6.2,26.0,0.0212,509984,190.72,76132,Dallas-Fort Worth-Arlington,2023-04-06
Austin,1916,3,3.0,0.133,1964,60,6.1,17.0,0.0217,599941,313.12,78704,Austin-Round Rock-Georgetown,2023-11-19
Dallas,1705,3,2.0,0.106,1986,38,6.0,7.6,0.0235,352120,206.52,75254,Dallas-Fort Worth-Arlington,2024-06-29
Houston,2514,4,3.5,0.189,1975,49,6.5,45.1,0.0237,481973,191.72,77019,Houston-The Woodlands-Sugar Land,2023-10-19
Dallas,2154,3,2.0,0.059,1966,58,6.9,31.9,0.0226,380066,176.45,75201,Dallas-Fort Worth-Arlington,2023-06-13
Austin,1409,3,2.5,0.233,1996,28,8.3,9.4,0.0224,339054,240.63,78701,Austin-Round Rock-Georgetown,2024-01-12
Austin,2131,5,5.0,0.156,2015,9,8.1,11.1,0.0225,864229,405.55,78701,Austin-Round Rock-Georgetown,2024-03-24
Houston,2198,3,3.0,1.577,1976,48,7.0,24.3,0.0213,351297,159.83,77079,Houston-The Woodlands-Sugar Land,2023-09-16
Houston,2962,4,3.0,0.239,2005,19,8.4,22.5,0.0227,454406,153.41,77019,Houston-The Woodlands-Sugar Land,2023-05-17
Houston,2405,3,2.0,0.462,1990,34,7.7,38.8,0.0236,395236,164.34,77007,Houston-The Woodlands-Sugar Land,2024-01-26
Dallas,2338,4,3.5,0.073,2021,3,6.3,16.9,0.0224,507733,217.17,75205,Dallas-Fort Worth-Arlington,2023-04-13
Dallas,2796,5,5.0,0.208,1997,27,6.2,16.4,0.0223,466262,166.76,75204,Dallas-Fort Worth-Arlington,2024-06-29
Houston,4328,3,3.0,0.744,1963,61,6.4,23.5,0.0225,778054,179.77,77079,Houston-The Woodlands-Sugar Land,2023-06-23
Houston,2034,4,2.5,0.332,1999,25,6.7,38.3,0.0255,342841,168.56,77079,Houston-The Woodlands-Sugar Land,2023-07-11
Houston,2174,3,2.5,0.163,1998,26,6.5,10.2,0.0218,339704,156.26,77002,Houston-The Woodlands-Sugar Land,2024-02-02
Dallas,1966,4,4.0,0.104,1979,45,6.3,35.8,0.0231,390353,198.55,75230,Dallas-Fort Worth-Arlington,2023-01-07
Houston,1838,5,4.5,0.296,1975,49,9.5,24.4,0.0222,376115,204.63,77019,Houston-The Woodlands-Sugar Land,2023-04-21
Austin,1650,4,2.5,0.352,2004,20,7.7,11.6,0.0205,544994,330.3,78701,Austin-Round Rock-Georgetown,2023-03-10
Houston,1773,4,3.5,0.31,1983,41,7.5,34.2,0.0238,295649,166.75,77079,Houston-The Woodlands-Sugar Land,2023-08-02
Dallas,2170,4,4.0,0.221,1994,30,6.7,9.3,0.0221,461877,212.85,75201,Dallas-Fort Worth-Arlington,2023-10-30
Houston,1191,3,3.0,1.067,2004,20,6.3,16.8,0.0219,204559,171.75,77007,Houston-The Woodlands-Sugar Land,2023-04-09
Dallas,2125,2,2.0,0.055,1994,30,8.3,12.2,0.022,350339,164.87,75201,Dallas-Fort Worth-Arlington,2023-07-08
Dallas,1679,4,4.0,0.24,1992,32,8.9,26.0,0.023,410571,244.53,75205,Dallas-Fort Worth-Arlington,2024-02-27
San Antonio,2313,3,2.5,0.445,2020,4,7.3,7.7,0.0217,349854,151.26,78230,San Antonio-New Braunfels,2024-05-29
Dallas,2527,3,3.0,0.396,1997,27,8.6,32.9,0.021,520865,206.12,75204,Dallas-Fort Worth-Arlington,2023-01-08
Dallas,1666,3,2.5,0.399,2001,23,7.8,49.4,0.0222,367759,220.74,75201,Dallas-Fort Worth-Arlington,2023-12-10
Houston,2214,4,3.5,0.456,1967,57,6.2,15.9,0.0243,413000,186.54,77002,Houston-The Woodlands-Sugar Land,2023-01-15
San Antonio,2738,4,3.5,0.226,1968,56,7.4,34.8,0.0229,471488,172.2,78258,San Antonio-New Braunfels,2023-10-12
Dallas,2617,3,2.5,0.501,1983,41,9.6,32.6,0.022,506587,193.58,75230,Dallas-Fort Worth-Arlington,2024-04-26
Houston,2496,3,3.0,0.307,1987,37,6.9,18.7,0.0228,414056,165.89,77079,Houston-The Woodlands-Sugar Land,2024-03-12
Dallas,3348,3,2.5,0.107,1992,32,8.1,35.6,0.0236,641680,191.66,75225,Dallas-Fort Worth-Arlington,2023-05-08
Houston,2494,3,2.5,0.283,1996,28,6.9,23.6,0.0235,391851,157.12,77024,Houston-The Woodlands-Sugar Land,2023-05-22
Dallas,1859,3,3.0,0.087,2015,9,5.7,11.2,0.0219,391011,210.33,75230,Dallas-Fort Worth-Arlington,2024-03-04
San Antonio,2328,2,1.0,0.154,1971,53,6.2,15.8,0.0209,262762,112.87,78230,San Antonio-New Braunfels,2024-03-24
Fort Worth,1414,3,2.0,0.338,1962,62,4.8,9.5,0.0225,176774,125.02,76107,Dallas-Fort Worth-Arlington,2023-06-03
Fort Worth,2859,3,2.0,0.137,2006,18,8.3,60.0,0.0195,494926,173.11,76107,Dallas-Fort Worth-Arlington,2023-01-02
Dallas,1162,3,2.0,0.195,2000,24,6.1,26.6,0.0206,232430,200.03,75205,Dallas-Fort Worth-Arlington,2023-09-01
Dallas,1768,5,3.5,0.173,2022,2,9.5,33.2,0.0212,406017,229.65,75201,Dallas-Fort Worth-Arlington,2023-12-05
San Antonio,2022,5,4.0,0.26,1986,38,6.3,15.6,0.0238,335069,165.71,78205,San Antonio-New Braunfels,2023-08-31
Houston,1865,3,2.0,0.101,2003,21,5.9,46.5,0.0228,291194,156.14,77056,Houston-The Woodlands-Sugar Land,2024-05-26
San Antonio,927,3,2.0,0.175,2001,23,6.7,12.5,0.0204,143070,154.34,78258,San Antonio-New Braunfels,2024-03-21
Dallas,2151,3,2.0,0.075,1988,36,7.5,40.3,0.0222,343241,159.57,75201,Dallas-Fort Worth-Arlington,2024-03-06
Austin,2032,4,3.5,0.259,1980,44,4.5,18.4,0.0205,552168,271.74,78701,Austin-Round Rock-Georgetown,2023-01-12
Austin,1795,3,2.0,0.275,1966,58,9.0,14.3,0.0206,506406,282.12,78701,Austin-Round Rock-Georgetown,2024-04-11
San Antonio,2652,3,2.0,0.212,1996,28,6.4,6.8,0.0224,401006,151.21,78250,San Antonio-New Braunfels,2024-02-18
Austin,1272,3,2.5,0.122,1985,39,9.1,4.7,0.0218,469126,368.81,78703,Austin-Round Rock-Georgetown,2023-08-06
Houston,3234,3,2.0,0.16,1962,62,6.4,28.9,0.0222,509049,157.41,77007,Houston-The Woodlands-Sugar Land,2023-11-19
Houston,3982,3,3.0,0.104,1999,25,7.7,21.4,0.0239,638428,160.33,77002,Houston-The Woodlands-Sugar Land,2024-03-26
Austin,2437,3,2.5,0.142,2010,14,6.7,37.9,0.0214,737210,302.51,78750,Austin-Round Rock-Georgetown,2024-05-10
Houston,1787,4,3.0,0.453,1985,39,6.2,14.2,0.0232,318155,178.04,77019,Houston-The Woodlands-Sugar Land,2023-10-29
San Antonio,3192,3,2.5,0.36,1994,30,5.1,9.9,0.0214,403979,126.56,78250,San Antonio-New Braunfels,2023-01-23
Austin,2412,3,2.5,0.05,1992,32,10.0,9.0,0.0236,705522,292.5,78745,Austin-Round Rock-Georgetown,2023-12-05
San Antonio,1528,3,3.0,0.121,2012,12,5.2,8.1,0.0233,237526,155.45,78201,San Antonio-New Braunfels,2024-01-07
San Antonio,3358,3,3.0,0.108,2000,24,6.1,12.3,0.023,533633,158.91,78250,San Antonio-New Braunfels,2023-02-02
Houston,2827,5,3.5,0.228,1999,25,6.4,15.4,0.0224,594999,210.47,77024,Houston-The Woodlands-Sugar Land,2024-03-23
Austin,2083,4,4.0,0.781,2001,23,9.7,9.8,0.0212,769915,369.62,78745,Austin-Round Rock-Georgetown,2023-04-21
Dallas,2089,4,3.5,0.43,1989,35,5.6,10.2,0.0215,416486,199.37,75204,Dallas-Fort Worth-Arlington,2024-05-02
Austin,3460,3,2.5,0.154,1997,27,7.8,6.8,0.0223,1148082,331.82,78748,Austin-Round Rock-Georgetown,2023-10-29
Houston,3088,4,3.5,0.259,1977,47,7.9,10.5,0.0237,555951,180.04,77079,Houston-The Woodlands-Sugar Land,2023-06-26
Fort Worth,1441,3,2.5,0.558,2017,7,9.0,23.9,0.0238,269562,187.07,76107,Dallas-Fort Worth-Arlington,2023-02-02
Fort Worth,2635,4,4.0,0.156,2001,23,4.5,38.1,0.0212,436285,165.57,76102,Dallas-Fort Worth-Arlington,2023-01-10
San Antonio,1368,4,3.0,0.822,2014,10,4.5,13.4,0.0215,226204,165.35,78250,San Antonio-New Braunfels,2024-02-10
Houston,2288,4,2.5,0.176,1992,32,8.7,28.9,0.0237,311786,136.27,77079,Houston-The Woodlands-Sugar Land,2023-07-26
San Antonio,1911,4,3.0,0.077,1967,57,6.1,8.8,0.0242,292719,153.18,78216,San Antonio-New Braunfels,2024-04-04
San Antonio,1548,3,2.5,0.122,1990,34,6.5,24.4,0.0206,209788,135.52,78230,San Antonio-New Braunfels,2023-05-07
Houston,2842,4,4.0,0.243,2017,7,8.9,19.6,0.0228,584932,205.82,77007,Houston-The Woodlands-Sugar Land,2024-05-18
Dallas,1343,3,3.0,0.158,2004,20,6.7,16.8,0.0228,276077,205.57,75201,Dallas-Fort Worth-Arlington,2024-05-30
Austin,1517,3,3.0,0.109,1990,34,8.3,12.7,0.0214,423605,279.24,78750,Austin-Round Rock-Georgetown,2023-02-25
Houston,3206,3,2.0,0.161,1973,51,6.0,40.4,0.024,474448,147.99,77019,Houston-The Woodlands-Sugar Land,2023-12-20
Dallas,2513,3,3.0,0.121,2016,8,8.3,12.7,0.0235,510831,203.28,75204,Dallas-Fort Worth-Arlington,2024-05-29
Austin,1911,3,2.0,0.151,2016,8,8.1,21.9,0.0208,582169,304.64,78745,Austin-Round Rock-Georgetown,2023-06-26
Austin,1905,3,2.0,0.533,1968,56,7.9,12.4,0.0213,516471,271.11,78701,Austin-Round Rock-Georgetown,2023-02-06
San Antonio,1428,3,2.0,0.229,1973,51,5.9,29.5,0.0241,206450,144.57,78201,San Antonio-New Braunfels,2024-04-23
Fort Worth,1532,4,2.5,0.27,1973,51,6.7,28.6,0.0228,256302,167.3,76102,Dallas-Fort Worth-Arlington,2023-09-17
Dallas,2136,3,2.0,0.181,1972,52,5.9,11.0,0.0214,403616,188.96,75205,Dallas-Fort Worth-Arlington,2023-01-15
San Antonio,1770,2,2.0,0.118,1961,63,7.0,28.2,0.0224,220360,124.5,78209,San Antonio-New Braunfels,2024-04-04
Fort Worth,2214,3,2.5,1.505,2018,6,6.9,18.8,0.0225,465639,210.32,76102,Dallas-Fort Worth-Arlington,2024-01-07
Austin,2545,3,3.0,0.842,2018,6,8.8,7.9,0.0218,791022,310.81,78703,Austin-Round Rock-Georgetown,2023-02-08
Houston,3039,4,3.0,0.14,2008,16,6.1,46.3,0.0231,473999,155.97,77019,Houston-The Woodlands-Sugar Land,2023-05-22
Houston,1489,3,2.0,0.25,2006,18,8.0,16.6,0.0246,232256,155.98,77024,Houston-The Woodlands-Sugar Land,2023-01-10
Austin,1769,3,2.5,0.634,2014,10,6.0,11.8,0.0228,486878,275.23,78704,Austin-Round Rock-Georgetown,2024-06-06
San Antonio,2311,3,2.0,0.28,1962,62,7.2,38.6,0.0244,301306,130.38,78258,San Antonio-New Braunfels,2023-01-14
Houston,1790,4,4.0,0.103,2007,17,6.5,23.2,0.0225,326392,182.34,77056,Houston-The Woodlands-Sugar Land,2024-03-11
Dallas,4316,3,2.5,0.331,2002,22,7.5,37.0,0.0222,797574,184.79,75204,Dallas-Fort Worth-Arlington,2023-10-07
Austin,1112,3,2.0,0.226,1997,27,6.5,26.2,0.0215,313610,282.02,78750,Austin-Round Rock-Georgetown,2023-11-15
Houston,1630,5,3.5,0.13,1962,62,8.2,26.3,0.0228,310638,190.58,77024,Houston-The Woodlands-Sugar Land,2024-03-19
Fort Worth,1985,3,2.0,0.81,1990,34,6.3,43.5,0.0216,343620,173.11,76102,Dallas-Fort Worth-Arlington,2024-05-04
Austin,2368,2,2.0,0.343,1974,50,10.0,12.3,0.0215,685786,289.61,78703,Austin-Round Rock-Georgetown,2023-03-11
Houston,1892,5,3.5,0.133,2005,19,8.7,30.1,0.0251,347364,183.6,77056,Houston-The Woodlands-Sugar Land,2023-01-10
Houston,2181,4,3.0,0.081,2017,7,7.6,25.9,0.0229,374184,171.57,77056,Houston-The Woodlands-Sugar Land,2023-03-10
Dallas,1529,3,2.0,0.245,2006,18,9.7,37.8,0.0205,284394,186.0,75205,Dallas-Fort Worth-Arlington,2024-01-09
Dallas,2269,3,2.5,0.227,2014,10,7.2,46.9,0.0217,457945,201.83,75201,Dallas-Fort Worth-Arlington,2023-11-07
Dallas,1367,5,4.0,0.345,1988,36,6.1,18.2,0.0206,294418,215.38,75204,Dallas-Fort Worth-Arlington,2023-02-15
Austin,2442,3,3.0,0.091,2001,23,7.3,33.7,0.0216,669722,274.25,78701,Austin-Round Rock-Georgetown,2023-05-09
Houston,1910,4,4.0,0.529,1998,26,6.6,56.6,0.0229,320897,168.01,77056,Houston-The Woodlands-Sugar Land,2023-10-21
San Antonio,2363,4,3.0,0.227,1992,32,8.3,25.9,0.0214,406190,171.9,78216,San Antonio-New Braunfels,2024-02-04
Dallas,1848,2,1.0,0.159,1985,39,9.0,21.3,0.0222,350323,189.57,75205,Dallas-Fort Worth-Arlington,2023-07-07
Dallas,2775,4,2.5,0.259,1974,50,7.4,33.4,0.0219,537096,193.55,75230,Dallas-Fort Worth-Arlington,2024-06-03
Dallas,3352,5,4.5,0.137,1968,56,9.0,26.9,0.0223,742675,221.56,75230,Dallas-Fort Worth-Arlington,2024-06-26
San Antonio,2154,2,1.0,0.253,1987,37,6.8,13.3,0.0234,307850,142.92,78250,San Antonio-New Braunfels,2024-02-24
Austin,2541,4,3.5,0.189,1963,61,6.6,19.6,0.0216,967729,380.85,78701,Austin-Round Rock-Georgetown,2023-09-06
Houston,3251,4,2.5,0.258,1984,40,5.6,9.2,0.0221,536983,165.17,77024,Houston-The Woodlands-Sugar Land,2024-04-24
Dallas,1063,2,1.0,0.158,1961,63,6.4,15.2,0.0237,184052,173.14,75254,Dallas-Fort Worth-Arlington,2024-02-03
Houston,1775,3,3.0,0.148,1984,40,5.9,36.5,0.0226,249122,140.35,77056,Houston-The Woodlands-Sugar Land,2023-10-12
San Antonio,1924,3,3.0,0.228,2014,10,7.5,20.0,0.0247,321187,166.94,78209,San Antonio-New Braunfels,2023-08-31
Dallas,3088,3,2.0,0.199,1980,44,8.4,13.6,0.0221,567336,183.72,75205,Dallas-Fort Worth-Arlington,2024-03-31
San Antonio,2197,2,1.0,0.3,1989,35,6.3,6.1,0.021,260903,118.75,78258,San Antonio-New Braunfels,2023-11-01
San Antonio,1496,5,5.0,0.443,2016,8,7.4,27.3,0.0231,270035,180.5,78201,San Antonio-New Braunfels,2023-04-11
Dallas,2781,3,2.0,0.386,1977,47,4.4,15.6,0.0217,533256,191.75,75225,Dallas-Fort Worth-Arlington,2024-06-30
Fort Worth,3172,5,3.0,0.116,1967,57,5.6,17.8,0.0215,511713,161.32,76102,Dallas-Fort Worth-Arlington,2023-02-07
Dallas,2430,3,2.5,0.139,2014,10,7.2,17.7,0.0237,369901,152.22,75254,Dallas-Fort Worth-Arlington,2024-01-16
San Antonio,1463,4,3.0,0.2,1988,36,6.3,11.5,0.0226,236436,161.61,78201,San Antonio-New Braunfels,2023-12-25
Houston,1956,2,1.0,0.233,1977,47,4.7,27.7,0.0225,285220,145.82,77002,Houston-The Woodlands-Sugar Land,2023-11-17
Dallas,2388,2,1.5,0.144,2022,2,5.7,12.7,0.0233,472068,197.68,75204,Dallas-Fort Worth-Arlington,2023-01-29
Dallas,1417,2,2.0,0.256,1960,64,5.1,8.1,0.0225,201923,142.5,75204,Dallas-Fort Worth-Arlington,2023-09-27
Austin,1661,2,1.5,0.165,1977,47,7.7,21.4,0.0218,430311,259.07,78704,Austin-Round Rock-Georgetown,2024-05-03
Houston,2123,3,3.0,0.375,1975,49,8.3,16.2,0.0225,351153,165.4,77007,Houston-The Woodlands-Sugar Land,2023-05-12
Fort Worth,1896,4,3.0,0.398,1990,34,6.6,27.6,0.022,366114,193.1,76107,Dallas-Fort Worth-Arlington,2024-01-14
Dallas,1336,3,2.5,0.262,1984,40,6.4,5.2,0.0209,256833,192.24,75225,Dallas-Fort Worth-Arlington,2024-04-14
Austin,1936,4,3.0,0.189,1963,61,8.1,24.3,0.0209,605362,312.69,78704,Austin-Round Rock-Georgetown,2024-06-04
Houston,1514,3,3.0,0.296,1980,44,6.0,20.8,0.0235,235542,155.58,77079,Houston-The Woodlands-Sugar Land,2023-10-10
Houston,1788,3,3.0,0.189,1970,54,6.3,11.3,0.0231,282745,158.13,77019,Houston-The Woodlands-Sugar Land,2023-06-21
Austin,1725,3,2.0,0.274,2020,4,8.8,12.4,0.0209,512099,296.87,78704,Austin-Round Rock-Georgetown,2024-01-18
Fort Worth,1657,3,2.5,0.248,1972,52,5.8,8.7,0.0226,270500,163.25,76109,Dallas-Fort Worth-Arlington,2023-09-23
Houston,1633,3,2.5,0.534,1962,62,6.3,19.8,0.0241,216832,132.78,77007,Houston-The Woodlands-Sugar Land,2023-12-10
Houston,3788,3,2.5,0.221,1999,25,5.9,19.3,0.0226,639345,168.78,77056,Houston-The Woodlands-Sugar Land,2024-02-10
Dallas,1933,5,5.0,0.245,2017,7,5.8,7.9,0.024,433386,224.2,75254,Dallas-Fort Worth-Arlington,2024-01-24
Austin,1823,3,2.5,0.521,1972,52,8.8,6.6,0.0201,568319,311.75,78703,Austin-Round Rock-Georgetown,2023-05-13
Houston,1937,3,3.0,0.122,1974,50,8.6,54.7,0.0228,314048,162.13,77007,Houston-The Woodlands-Sugar Land,2024-02-18
San Antonio,1347,3,2.5,0.122,1993,31,6.2,12.7,0.0222,207782,154.26,78209,San Antonio-New Braunfels,2023-10-24
Dallas,1580,3,2.0,0.474,1988,36,6.0,18.0,0.0215,283188,179.23,75204,Dallas-Fort Worth-Arlington,2024-05-24
Fort Worth,2518,3,3.0,0.184,1964,60,7.2,13.5,0.0208,401242,159.35,76109,Dallas-Fort Worth-Arlington,2023-12-27
Dallas,1753,3,3.0,0.175,1998,26,9.0,31.5,0.0214,311114,177.48,75254,Dallas-Fort Worth-Arlington,2024-05-02
Dallas,2295,3,3.0,0.158,2019,5,9.4,7.6,0.0229,494314,215.39,75225,Dallas-Fort Worth-Arlington,2024-06-19
San Antonio,1765,3,2.0,0.351,1990,34,8.6,26.5,0.0219,234060,132.61,78201,San Antonio-New Braunfels,2024-06-27
Fort Worth,1313,4,3.5,0.569,2002,22,7.6,23.6,0.0215,270251,205.83,76107,Dallas-Fort Worth-Arlington,2024-02-12
San Antonio,1940,4,3.5,0.215,1986,38,5.5,21.6,0.0224,301807,155.57,78230,San Antonio-New Braunfels,2023-11-23
Fort Worth,1727,5,4.5,0.592,1975,49,8.1,16.5,0.0215,407046,235.7,76107,Dallas-Fort Worth-Arlington,2023-03-06
San Antonio,1753,3,2.5,0.227,1964,60,8.6,8.0,0.023,305209,174.11,78230,San Antonio-New Braunfels,2023-07-31
Fort Worth,1997,4,4.0,0.448,2006,18,6.1,19.1,0.0206,435685,218.17,76109,Dallas-Fort Worth-Arlington,2023-09-18
Austin,2686,4,3.0,0.452,2005,19,7.7,8.1,0.0197,880388,327.77,78703,Austin-Round Rock-Georgetown,2024-03-02
San Antonio,1260,3,3.0,0.187,1996,28,6.9,11.1,0.0226,218048,173.05,78230,San Antonio-New Braunfels,2023-11-19
Houston,1891,4,4.0,0.583,1983,41,6.2,37.2,0.0229,338709,179.12,77019,Houston-The Woodlands-Sugar Land,2023-08-29
Dallas,2445,4,2.5,0.114,2005,19,8.1,14.8,0.0223,495366,202.6,75201,Dallas-Fort Worth-Arlington,2023-03-22
Dallas,2030,3,3.0,0.185,1963,61,6.6,17.5,0.0221,362849,178.74,75205,Dallas-Fort Worth-Arlington,2024-01-27
Fort Worth,1904,4,2.5,0.442,2013,11,7.3,35.9,0.0198,277924,145.97,76107,Dallas-Fort Worth-Arlington,2023-08-25
Fort Worth,1756,3,2.0,0.265,1993,31,8.1,11.3,0.0222,314349,179.01,76102,Dallas-Fort Worth-Arlington,2023-01-20
Houston,2330,2,2.0,0.22,2022,2,8.9,14.8,0.0237,379120,162.71,77079,Houston-The Woodlands-Sugar Land,2023-06-05
San Antonio,1767,2,1.0,0.05,1995,29,2.8,30.2,0.0237,228783,129.48,78216,San Antonio-New Braunfels,2024-04-26
San Antonio,1939,4,4.0,0.236,2017,7,5.3,36.5,0.0247,303697,156.63,78201,San Antonio-New Braunfels,2023-03-06
Houston,2093,3,3.0,0.245,2007,17,6.5,28.0,0.0224,344803,164.74,77079,Houston-The Woodlands-Sugar Land,2023-08-11
Austin,1232,5,3.0,0.361,1984,40,7.9,13.1,0.0203,457468,371.32,78748,Austin-Round Rock-Georgetown,2023-10-08
Austin,1460,3,2.0,0.194,1968,56,6.1,12.5,0.0223,406780,278.62,78701,Austin-Round Rock-Georgetown,2023-02-15
San Antonio,1822,2,1.0,0.126,1977,47,6.5,26.3,0.0214,216894,119.04,78205,San Antonio-New Braunfels,2023-04-01
Dallas,1321,4,2.5,0.108,2002,22,7.3,9.9,0.021,242708,183.73,75205,Dallas-Fort Worth-Arlington,2024-05-29
Fort Worth,1437,3,2.0,0.31,2021,3,6.0,29.2,0.0208,243731,169.61,76109,Dallas-Fort Worth-Arlington,2023-11-20
Dallas,2031,4,2.5,0.126,1977,47,8.0,52.4,0.0204,354296,174.44,75230,Dallas-Fort Worth-Arlington,2023-04-26
Fort Worth,1844,4,2.5,0.107,1976,48,8.7,9.8,0.0216,380514,206.35,76107,Dallas-Fort Worth-Arlington,2023-04-03
Houston,2081,3,3.0,0.204,1963,61,5.9,24.4,0.0216,341574,164.14,77024,Houston-The Woodlands-Sugar Land,2023-08-21
San Antonio,2018,5,4.0,0.18,1997,27,5.6,12.2,0.0223,331984,164.51,78201,San Antonio-New Braunfels,2024-01-31
Austin,1480,3,2.0,0.223,2001,23,8.3,25.5,0.0235,474032,320.29,78745,Austin-Round Rock-Georgetown,2024-02-04
Dallas,3028,3,3.0,0.546,1989,35,8.3,25.6,0.0218,602510,198.98,75254,Dallas-Fort Worth-Arlington,2023-04-17
San Antonio,1762,3,2.5,0.209,2003,21,3.7,37.9,0.0223,233549,132.55,78216,San Antonio-New Braunfels,2024-02-01
Fort Worth,3066,4,3.0,0.111,1966,58,9.9,34.4,0.022,641765,209.32,76107,Dallas-Fort Worth-Arlington,2024-05-05
San Antonio,1373,3,2.0,0.076,2007,17,7.2,20.9,0.0245,171327,124.78,78209,San Antonio-New Braunfels,2023-05-04
Austin,3079,3,2.0,0.086,1970,54,6.8,17.1,0.0204,939452,305.12,78750,Austin-Round Rock-Georgetown,2023-01-15
Houston,1721,4,3.5,0.286,1972,52,6.5,22.4,0.0237,317888,184.71,77002,Houston-The Woodlands-Sugar Land,2024-06-08
Austin,1731,3,2.0,0.239,1960,64,6.3,9.0,0.0208,492801,284.69,78703,Austin-Round Rock-Georgetown,2023-10-13
Austin,1512,4,3.0,0.07,1982,42,7.7,12.8,0.02,473707,313.3,78701,Austin-Round Rock-Georgetown,2024-02-29
Dallas,1773,3,2.5,0.121,1977,47,9.0,23.0,0.0212,348621,196.63,75254,Dallas-Fort Worth-Arlington,2023-06-25
San Antonio,2023,4,4.0,0.371,2004,20,6.6,33.7,0.0238,319413,157.89,78216,San Antonio-New Braunfels,2023-06-13
San Antonio,1802,2,2.0,0.641,1971,53,6.6,13.1,0.022,217521,120.71,78258,San Antonio-New Braunfels,2023-05-04
Fort Worth,2339,2,2.0,0.108,2004,20,7.2,35.5,0.0196,433181,185.2,76109,Dallas-Fort Worth-Arlington,2023-04-29
San Antonio,1716,3,2.5,0.362,2002,22,6.8,26.3,0.023,279713,163.0,78216,San Antonio-New Braunfels,2023-09-15
San Antonio,2280,3,3.0,0.079,1972,52,9.6,12.0,0.024,353876,155.21,78216,San Antonio-New Braunfels,2023-02-27
Austin,2612,4,4.0,0.155,1996,28,10.0,17.4,0.0224,781340,299.13,78702,Austin-Round Rock-Georgetown,2024-04-05
Houston,2046,3,3.0,0.417,2010,14,6.4,22.5,0.0242,276762,135.27,77024,Houston-The Woodlands-Sugar Land,2023-10-07
Dallas,2386,2,1.0,0.22,1988,36,8.7,30.3,0.0219,441537,185.05,75230,Dallas-Fort Worth-Arlington,2024-05-15
San Antonio,2530,2,2.0,0.16,1995,29,7.5,15.7,0.0215,300224,118.67,78258,San Antonio-New Braunfels,2023-10-02
Austin,2438,4,3.0,0.379,1961,63,6.5,13.7,0.0213,791591,324.69,78704,Austin-Round Rock-Georgetown,2023-06-15
Dallas,2900,4,2.5,0.334,2005,19,7.0,16.8,0.0224,612257,211.12,75254,Dallas-Fort Worth-Arlington,2023-10-09
Dallas,2381,3,2.0,0.326,1996,28,8.6,19.8,0.0205,462292,194.16,75254,Dallas-Fort Worth-Arlington,2023-03-26
Austin,2014,5,4.5,0.077,2003,21,8.8,15.2,0.0199,786700,390.62,78704,Austin-Round Rock-Georgetown,2024-03-26
Houston,2064,3,2.5,0.145,1994,30,5.9,16.8,0.023,330032,159.9,77019,Houston-The Woodlands-Sugar Land,2024-01-29
Fort Worth,1869,3,2.0,1.054,1985,39,6.1,15.1,0.0251,331919,177.59,76102,Dallas-Fort Worth-Arlington,2023-03-22
Dallas,1322,3,2.0,0.311,1963,61,6.9,14.4,0.0236,254315,192.37,75204,Dallas-Fort Worth-Arlington,2023-11-15
Houston,2811,3,2.0,0.338,1977,47,8.3,23.5,0.0248,480738,171.02,77079,Houston-The Woodlands-Sugar Land,2023-10-22
San Antonio,2078,4,2.5,0.11,2001,23,6.4,17.9,0.0221,321168,154.56,78201,San Antonio-New Braunfels,2023-04-20
Houston,2113,2,1.5,0.259,1980,44,5.2,53.9,0.0229,274665,129.99,77019,Houston-The Woodlands-Sugar Land,2023-03-08
San Antonio,1759,3,2.5,0.538,2020,4,7.0,15.2,0.0231,267453,152.05,78230,San Antonio-New Braunfels,2024-02-20
Houston,1983,4,3.5,0.272,1990,34,7.0,29.7,0.0224,362349,182.73,77007,Houston-The Woodlands-Sugar Land,2023-05-25
Dallas,1523,4,3.0,0.095,2018,6,8.4,11.1,0.0213,369583,242.67,75254,Dallas-Fort Worth-Arlington,2023-10-11
Houston,1769,3,2.0,0.386,1965,59,7.8,31.8,0.0235,274277,155.05,77024,Houston-The Woodlands-Sugar Land,2023-05-16
Houston,1794,2,1.5,0.37,1967,57,6.0,22.4,0.0227,228639,127.45,77002,Houston-The Woodlands-Sugar Land,2023-12-24
Fort Worth,2088,2,1.0,0.096,1973,51,5.1,16.6,0.0217,284081,136.05,76102,Dallas-Fort Worth-Arlington,2023-01-27
Houston,2552,3,2.0,0.21,1980,44,5.9,23.3,0.0217,402517,157.73,77056,Houston-The Woodlands-Sugar Land,2023-07-16
Austin,1434,3,3.0,0.341,2008,16,6.8,10.0,0.0219,502526,350.44,78750,Austin-Round Rock-Georgetown,2023-10-27
Houston,3462,4,3.5,0.197,1989,35,8.1,13.7,0.0234,512242,147.96,77079,Houston-The Woodlands-Sugar Land,2023-08-29
San Antonio,1392,3,3.0,0.302,2023,1,7.6,12.5,0.0215,209908,150.8,78250,San Antonio-New Braunfels,2023-12-01
San Antonio,1459,3,3.0,0.195,1960,64,8.5,11.2,0.0239,200569,137.47,78201,San Antonio-New Braunfels,2023-04-09
Fort Worth,2023,4,4.0,0.182,2005,19,7.7,24.7,0.0213,419284,207.26,76109,Dallas-Fort Worth-Arlington,2023-08-30
Houston,3671,3,2.0,0.35,1986,38,5.0,27.7,0.022,518468,141.23,77002,Houston-The Woodlands-Sugar Land,2024-02-18
Houston,4016,4,3.5,0.467,1990,34,5.7,17.6,0.0242,694289,172.88,77002,Houston-The Woodlands-Sugar Land,2023-07-02
Austin,1189,3,3.0,0.453,2010,14,7.4,23.7,0.0233,348079,292.75,78745,Austin-Round Rock-Georgetown,2023-03-27
Dallas,1887,3,2.0,0.212,1990,34,6.9,15.9,0.022,357044,189.21,75205,Dallas-Fort Worth-Arlington,2024-04-08
Fort Worth,2079,3,2.0,0.218,2010,14,6.9,16.1,0.0221,310940,149.56,76109,Dallas-Fort Worth-Arlington,2024-03-01
San Antonio,1566,4,3.5,0.622,2007,17,6.5,17.5,0.022,250749,160.12,78250,San Antonio-New Braunfels,2024-01-08
Dallas,1388,3,2.5,0.152,1988,36,4.1,10.2,0.0235,267378,192.64,75201,Dallas-Fort Worth-Arlington,2024-03-12
Houston,3119,4,3.5,0.178,1994,30,5.6,39.0,0.0231,615411,197.31,77024,Houston-The Woodlands-Sugar Land,2024-03-02
Fort Worth,1774,3,2.5,0.522,1961,63,9.0,12.0,0.0213,294852,166.21,76132,Dallas-Fort Worth-Arlington,2024-02-13
Dallas,1382,4,3.5,0.186,2009,15,7.9,7.1,0.0233,299170,216.48,75205,Dallas-Fort Worth-Arlington,2023-10-06
Austin,2229,3,3.0,0.169,2021,3,5.6,14.4,0.0217,633458,284.19,78704,Austin-Round Rock-Georgetown,2023-01-11
Houston,2195,4,3.0,0.35,2022,2,6.1,18.0,0.0225,423576,192.97,77019,Houston-The Woodlands-Sugar Land,2023-11-23
Austin,1876,4,3.5,0.238,2002,22,9.7,19.4,0.0222,695738,370.86,78750,Austin-Round Rock-Georgetown,2023-05-30
Houston,1388,4,3.0,0.151,2017,7,5.5,8.6,0.0217,236645,170.49,77002,Houston-The Woodlands-Sugar Land,2024-02-27
Austin,1860,2,1.5,0.139,2000,24,9.4,12.9,0.0222,563155,302.77,78750,Austin-Round Rock-Georgetown,2023-09-14
Houston,1378,2,2.0,0.219,2022,2,5.9,26.6,0.0217,205687,149.26,77056,Houston-The Woodlands-Sugar Land,2024-05-10
Dallas,2374,4,3.0,0.182,1995,29,7.4,39.0,0.0205,436056,183.68,75230,Dallas-Fort Worth-Arlington,2023-11-22
Houston,4870,4,4.0,0.165,2012,12,3.5,24.8,0.0238,750014,154.01,77019,Houston-The Woodlands-Sugar Land,2023-10-29
Houston,1823,3,2.0,0.106,2023,1,6.5,15.1,0.0227,265810,145.81,77024,Houston-The Woodlands-Sugar Land,2024-05-17
Fort Worth,2111,2,1.5,0.264,1980,44,7.2,9.7,0.0223,331509,157.04,76107,Dallas-Fort Worth-Arlington,2023-09-17
San Antonio,1854,4,3.0,0.526,1978,46,8.2,23.3,0.0215,238871,128.84,78205,San Antonio-New Braunfels,2023-07-25
Dallas,2764,3,3.0,0.364,1986,38,6.2,14.6,0.0225,485995,175.83,75254,Dallas-Fort Worth-Arlington,2023-07-23
Houston,2032,4,4.0,0.495,2016,8,8.2,22.1,0.0207,351824,173.14,77024,Houston-The Woodlands-Sugar Land,2024-04-23
Fort Worth,2489,3,2.0,0.287,1961,63,8.8,15.0,0.0212,432628,173.82,76109,Dallas-Fort Worth-Arlington,2024-02-18
Houston,2333,3,3.0,0.145,1980,44,6.9,27.5,0.0226,397233,170.27,77002,Houston-The Woodlands-Sugar Land,2023-03-31
Houston,2195,4,4.0,0.293,2009,15,6.0,16.0,0.0242,414952,189.04,77056,Houston-The Woodlands-Sugar Land,2023-09-27
Fort Worth,1456,3,2.5,0.166,1988,36,8.2,18.8,0.0219,197348,135.54,76109,Dallas-Fort Worth-Arlington,2023-07-23
Dallas,1777,5,4.5,0.321,1985,39,6.9,16.6,0.0207,396533,223.15,75254,Dallas-Fort Worth-Arlington,2023-12-20
San Antonio,1335,5,4.5,0.579,2002,22,6.2,17.9,0.022,196458,147.16,78201,San Antonio-New Braunfels,2023-01-29
Dallas,2648,3,2.5,0.174,1983,41,7.5,12.5,0.0202,481958,182.01,75225,Dallas-Fort Worth-Arlington,2024-01-26
Dallas,1597,4,2.5,0.087,1967,57,7.6,19.5,0.023,312285,195.54,75225,Dallas-Fort Worth-Arlington,2024-02-11
Houston,2662,3,2.0,0.095,1971,53,3.6,26.6,0.0234,386913,145.35,77024,Houston-The Woodlands-Sugar Land,2023-05-04
Houston,1794,3,2.0,0.301,1977,47,7.5,52.0,0.0227,253059,141.06,77002,Houston-The Woodlands-Sugar Land,2023-03-24
Houston,1339,4,3.0,0.307,1963,61,10.0,25.9,0.0217,234743,175.31,77019,Houston-The Woodlands-Sugar Land,2023-12-10
Austin,1418,3,3.0,0.127,2001,23,6.4,31.0,0.0218,410095,289.21,78703,Austin-Round Rock-Georgetown,2023-05-21
Fort Worth,2485,3,2.0,0.353,1965,59,7.2,28.0,0.0226,415029,167.01,76109,Dallas-Fort Worth-Arlington,2024-05-30
Houston,1965,3,2.0,0.296,1994,30,7.3,16.2,0.0222,307666,156.57,77007,Houston-The Woodlands-Sugar Land,2024-02-29
Dallas,1725,4,4.0,0.211,1987,37,8.7,23.7,0.0194,395327,229.18,75205,Dallas-Fort Worth-Arlington,2024-06-06
San Antonio,1649,5,4.5,0.208,1976,48,6.4,15.8,0.0238,275010,166.77,78230,San Antonio-New Braunfels,2023-10-20
San Antonio,2700,4,3.0,0.08,1963,61,7.8,12.7,0.0232,384228,142.31,78201,San Antonio-New Braunfels,2024-05-28
Houston,1471,4,3.5,0.465,1972,52,6.9,17.8,0.023,229303,155.88,77056,Houston-The Woodlands-Sugar Land,2023-01-08
Dallas,1991,5,4.0,0.314,2004,20,7.5,8.6,0.0229,466475,234.29,75230,Dallas-Fort Worth-Arlington,2023-06-08
Fort Worth,1682,3,3.0,0.116,2000,24,9.2,19.8,0.0217,306020,181.94,76102,Dallas-Fort Worth-Arlington,2023-01-02
Dallas,2849,4,4.0,0.12,1982,42,8.8,27.3,0.0217,679848,238.63,75201,Dallas-Fort Worth-Arlington,2024-01-06
San Antonio,2440,2,2.0,0.285,1968,56,5.5,16.0,0.0228,268999,110.25,78250,San Antonio-New Braunfels,2023-10-07
Fort Worth,1870,4,3.0,0.077,2022,2,6.5,15.7,0.0228,355705,190.22,76107,Dallas-Fort Worth-Arlington,2023-06-07
San Antonio,3342,3,3.0,0.27,2010,14,6.1,24.6,0.0212,451537,135.11,78258,San Antonio-New Braunfels,2023-06-16
Houston,2407,4,3.0,0.534,1998,26,6.6,8.6,0.02,374738,155.69,77019,Houston-The Woodlands-Sugar Land,2023-12-19
Dallas,1988,3,3.0,0.129,1964,60,5.9,14.6,0.022,376443,189.36,75205,Dallas-Fort Worth-Arlington,2023-04-09
Austin,1499,4,3.0,0.107,1995,29,7.4,24.0,0.0214,454718,303.35,78702,Austin-Round Rock-Georgetown,2023-10-09
Dallas,2640,3,3.0,0.377,2013,11,8.4,13.3,0.022,496857,188.2,75225,Dallas-Fort Worth-Arlington,2023-12-02
Fort Worth,1861,3,3.0,0.149,1997,27,6.7,26.1,0.0217,276780,148.73,76102,Dallas-Fort Worth-Arlington,2023-05-12
Dallas,1598,3,2.0,0.243,2001,23,7.5,12.1,0.0222,299599,187.48,75205,Dallas-Fort Worth-Arlington,2023-05-05
Houston,1492,4,2.5,0.414,1963,61,6.1,39.7,0.0225,244929,164.16,77019,Houston-The Woodlands-Sugar Land,2023-07-13
Austin,1630,4,3.0,0.15,1966,58,8.2,11.4,0.0233,487391,299.01,78702,Austin-Round Rock-Georgetown,2023-11-20
Fort Worth,1672,3,2.5,0.434,1982,42,8.8,14.1,0.0211,277888,166.2,76107,Dallas-Fort Worth-Arlington,2023-05-20
Austin,2811,4,2.5,0.078,1992,32,6.5,15.2,0.022,739241,262.98,78704,Austin-Round Rock-Georgetown,2023-07-27
Austin,1725,5,4.5,0.44,2016,8,8.9,8.1,0.0212,679506,393.92,78745,Austin-Round Rock-Georgetown,2023-10-25
Houston,1578,3,2.0,0.13,2014,10,8.1,17.7,0.023,274192,173.76,77002,Houston-The Woodlands-Sugar Land,2023-04-13
Austin,1587,3,3.0,0.234,1964,60,5.1,12.5,0.0224,484221,305.12,78750,Austin-Round Rock-Georgetown,2023-11-08
Houston,1422,4,4.0,0.262,1970,54,4.4,21.9,0.0233,228092,160.4,77079,Houston-The Woodlands-Sugar Land,2023-03-17
Dallas,2341,4,4.0,0.056,2001,23,7.4,11.2,0.0214,533771,228.01,75230,Dallas-Fort Worth-Arlington,2023-03-19
Houston,3212,3,2.5,0.098,1966,58,7.1,21.4,0.0242,480759,149.68,77079,Houston-The Woodlands-Sugar Land,2023-05-10
Austin,1767,4,3.5,0.093,1992,32,10.0,8.2,0.0214,657967,372.36,78703,Austin-Round Rock-Georgetown,2023-06-06
Austin,2058,2,1.0,0.156,2009,15,6.8,41.0,0.0213,550345,267.42,78748,Austin-Round Rock-Georgetown,2023-01-17
Houston,1899,4,3.0,0.092,2019,5,6.6,17.9,0.0242,302027,159.05,77056,Houston-The Woodlands-Sugar Land,2024-06-09
Austin,1597,4,2.5,0.105,1995,29,9.8,9.1,0.0221,597881,374.38,78704,Austin-Round Rock-Georgetown,2023-06-18
San Antonio,1866,3,2.0,0.392,1974,50,5.0,19.5,0.0226,254888,136.6,78205,San Antonio-New Braunfels,2024-03-16
Houston,2419,4,3.0,0.359,1994,30,6.0,5.6,0.0236,386304,159.7,77024,Houston-The Woodlands-Sugar Land,2024-05-08
Houston,2415,3,2.0,0.425,1960,64,7.0,48.7,0.0219,352158,145.82,77079,Houston-The Woodlands-Sugar Land,2024-03-13
Houston,2569,3,2.0,0.181,2020,4,9.3,60.0,0.0233,426722,166.1,77079,Houston-The Woodlands-Sugar Land,2024-03-30
Houston,3002,3,2.0,0.497,1997,27,7.1,19.6,0.023,390689,130.14,77019,Houston-The Woodlands-Sugar Land,2023-02-24
Austin,1794,3,3.0,0.327,1965,59,8.8,17.1,0.02,590908,329.38,78702,Austin-Round Rock-Georgetown,2023-07-23
Austin,2294,3,3.0,0.065,2005,19,7.6,9.7,0.0217,742118,323.5,78748,Austin-Round Rock-Georgetown,2024-02-13
Fort Worth,1845,4,4.0,0.125,2019,5,5.8,16.7,0.0206,356886,193.43,76102,Dallas-Fort Worth-Arlington,2023-11-11
Austin,1807,3,2.0,0.174,1994,30,9.4,12.7,0.0215,549717,304.22,78702,Austin-Round Rock-Georgetown,2023-01-04
Dallas,1995,5,3.0,0.246,1987,37,6.2,26.3,0.0214,439687,220.39,75225,Dallas-Fort Worth-Arlington,2023-11-07
Dallas,2036,3,2.5,0.074,2022,2,6.5,9.0,0.0206,424325,208.41,75254,Dallas-Fort Worth-Arlington,2024-03-16
Houston,2097,4,4.0,0.164,2020,4,8.8,15.2,0.0217,432410,206.2,77007,Houston-The Woodlands-Sugar Land,2024-03-29
Houston,1968,5,4.0,0.389,1962,62,8.1,17.0,0.0223,393733,200.07,77019,Houston-The Woodlands-Sugar Land,2023-07-29
San Antonio,2317,3,2.5,0.051,2007,17,7.2,14.0,0.0223,296850,128.12,78209,San Antonio-New Braunfels,2023-05-10
San Antonio,1402,4,3.5,0.251,1978,46,7.2,49.8,0.0225,219591,156.63,78216,San Antonio-New Braunfels,2023-06-19
Houston,1637,3,2.0,0.09,1985,39,6.8,14.9,0.021,292977,178.97,77002,Houston-The Woodlands-Sugar Land,2023-06-12
Houston,1787,3,2.5,0.151,1986,38,8.1,15.2,0.0225,304203,170.23,77024,Houston-The Woodlands-Sugar Land,2023-07-09
Houston,2509,4,4.0,0.321,1976,48,7.7,24.3,0.0229,396133,157.88,77024,Houston-The Woodlands-Sugar Land,2023-06-15
Dallas,2393,3,2.5,0.387,1978,46,5.5,41.0,0.022,426772,178.34,75204,Dallas-Fort Worth-Arlington,2023-09-08
San Antonio,1732,2,1.5,0.286,1992,32,7.3,14.5,0.0203,203873,117.71,78205,San Antonio-New Braunfels,2023-01-23
Houston,3886,3,3.0,0.134,1975,49,6.6,30.1,0.0222,686825,176.74,77056,Houston-The Woodlands-Sugar Land,2023-05-31
Houston,2148,4,4.0,0.347,2004,20,8.7,20.6,0.0247,387128,180.23,77007,Houston-The Woodlands-Sugar Land,2023-06-22
Fort Worth,2490,3,2.0,0.266,1964,60,7.0,13.1,0.0222,424316,170.41,76102,Dallas-Fort Worth-Arlington,2023-03-25
Austin,1859,4,4.0,0.144,1992,32,8.3,10.1,0.0242,583643,313.96,78701,Austin-Round Rock-Georgetown,2024-04-25
Dallas,1678,4,4.0,0.082,2014,10,7.7,20.4,0.0223,405208,241.48,75254,Dallas-Fort Worth-Arlington,2024-01-05
San Antonio,2808,3,2.0,0.076,1961,63,6.6,10.8,0.0223,334495,119.12,78209,San Antonio-New Braunfels,2024-05-13
Austin,2145,3,3.0,0.086,2000,24,7.1,24.9,0.0221,712727,332.27,78701,Austin-Round Rock-Georgetown,2023-11-04
Austin,3033,2,2.0,0.075,2014,10,9.0,10.9,0.0206,976078,321.82,78750,Austin-Round Rock-Georgetown,2023-03-01
Austin,2522,5,3.5,0.195,1977,47,8.7,16.3,0.022,911762,361.52,78702,Austin-Round Rock-Georgetown,2024-05-09
Fort Worth,2549,3,2.5,0.102,2019,5,7.3,45.5,0.0213,439307,172.34,76107,Dallas-Fort Worth-Arlington,2023-09-08
Austin,2384,3,3.0,0.224,1963,61,4.6,8.6,0.0226,746353,313.07,78701,Austin-Round Rock-Georgetown,2024-01-10
Houston,2349,2,1.5,0.327,1985,39,6.4,23.3,0.0224,371766,158.27,77056,Houston-The Woodlands-Sugar Land,2023-07-28
Austin,2999,3,2.5,0.102,2009,15,9.6,18.4,0.0218,926284,308.86,78745,Austin-Round Rock-Georgetown,2023-09-28
Austin,2158,5,4.5,0.412,2019,5,10.0,20.0,0.0201,866324,401.45,78748,Austin-Round Rock-Georgetown,2023-09-25
Dallas,3800,4,4.0,0.42,1977,47,7.9,60.0,0.0213,684758,180.2,75204,Dallas-Fort Worth-Arlington,2023-06-05
Houston,3031,3,2.5,0.225,1985,39,8.0,29.9,0.0235,472585,155.92,77007,Houston-The Woodlands-Sugar Land,2023-10-31
Dallas,2879,3,3.0,0.271,2007,17,8.0,18.9,0.0207,555559,192.97,75254,Dallas-Fort Worth-Arlington,2024-02-06
Dallas,1875,3,3.0,0.523,1960,64,8.7,16.6,0.0208,413603,220.59,75230,Dallas-Fort Worth-Arlington,2023-01-12
San Antonio,1921,3,2.5,0.433,2004,20,3.6,10.6,0.0224,280321,145.92,78201,San Antonio-New Braunfels,2023-03-13
Austin,1627,3,3.0,0.136,1973,51,8.8,8.0,0.0201,558404,343.21,78745,Austin-Round Rock-Georgetown,2024-04-05
San Antonio,2103,3,3.0,0.145,1964,60,8.1,7.5,0.0238,349602,166.24,78250,San Antonio-New Braunfels,2023-11-08
Dallas,2588,3,2.0,0.159,1972,52,5.6,11.1,0.0226,491449,189.9,75225,Dallas-Fort Worth-Arlington,2024-06-16
Austin,1386,3,2.0,0.445,1985,39,8.8,23.8,0.022,454304,327.78,78745,Austin-Round Rock-Georgetown,2023-11-27
San Antonio,1325,3,2.0,0.202,2000,24,7.0,22.0,0.0229,184609,139.33,78201,San Antonio-New Braunfels,2023-12-24
San Antonio,1563,3,2.5,0.127,1993,31,6.3,6.7,0.0225,224379,143.56,78201,San Antonio-New Braunfels,2024-05-06
Houston,1767,3,2.5,0.358,1983,41,9.4,37.7,0.023,263925,149.36,77002,Houston-The Woodlands-Sugar Land,2023-12-28
Fort Worth,1315,3,2.5,0.152,1995,29,6.6,19.0,0.0223,205136,156.0,76102,Dallas-Fort Worth-Arlington,2023-06-30
Houston,1711,3,2.5,0.704,1987,37,7.1,9.8,0.0234,296914,173.53,77079,Houston-The Woodlands-Sugar Land,2023-10-16
Dallas,1926,5,3.5,0.095,1997,27,8.0,19.9,0.0226,490261,254.55,75225,Dallas-Fort Worth-Arlington,2023-05-09
Fort Worth,2343,2,1.0,0.16,1994,30,7.2,10.5,0.0208,375435,160.24,76132,Dallas-Fort Worth-Arlington,2023-07-02
Houston,2345,3,2.5,0.143,2013,11,8.3,18.4,0.0219,401249,171.11,77007,Houston-The Woodlands-Sugar Land,2024-01-08
San Antonio,1481,4,2.5,0.214,1992,32,7.2,9.7,0.0212,237974,160.68,78258,San Antonio-New Braunfels,2023-03-23
Houston,1509,3,2.0,0.321,1965,59,5.3,16.1,0.0221,256903,170.25,77007,Houston-The Woodlands-Sugar Land,2024-01-03
San Antonio,2559,4,3.5,0.104,1974,50,5.7,16.9,0.023,380470,148.68,78258,San Antonio-New Braunfels,2023-11-16
Dallas,2154,4,3.5,0.151,2010,14,6.7,20.2,0.0224,460188,213.64,75201,Dallas-Fort Worth-Arlington,2023-06-18
Houston,1474,3,2.5,0.566,1986,38,7.0,17.9,0.0232,217947,147.86,77002,Houston-The Woodlands-Sugar Land,2023-01-25
Houston,3109,3,2.0,0.212,2022,2,6.2,42.4,0.0228,483088,155.38,77002,Houston-The Woodlands-Sugar Land,2024-01-21
Houston,2494,4,3.0,0.276,2001,23,4.9,25.0,0.023,414346,166.14,77056,Houston-The Woodlands-Sugar Land,2024-03-27
Austin,1920,3,3.0,0.089,1983,41,7.7,19.5,0.022,613325,319.44,78702,Austin-Round Rock-Georgetown,2024-02-04
Austin,4340,4,3.0,0.15,1988,36,6.9,12.0,0.0222,1463853,337.29,78704,Austin-Round Rock-Georgetown,2023-08-19
Houston,2370,4,3.5,0.21,2013,11,7.7,33.5,0.022,448541,189.26,77019,Houston-The Woodlands-Sugar Land,2023-12-24
Austin,1563,3,2.0,0.461,2016,8,7.6,15.3,0.0221,454920,291.06,78748,Austin-Round Rock-Georgetown,2023-08-15
Austin,1858,2,2.0,0.138,2009,15,9.4,10.4,0.0221,588546,316.76,78703,Austin-Round Rock-Georgetown,2023-07-15
San Antonio,1282,5,4.0,0.341,2015,9,5.9,16.1,0.0212,219040,170.86,78201,San Antonio-New Braunfels,2023-06-28
San Antonio,2575,5,3.5,0.307,1970,54,7.1,4.7,0.0245,449980,174.75,78209,San Antonio-New Braunfels,2023-04-26
San Antonio,2403,3,2.0,0.351,2013,11,5.8,21.0,0.0223,343060,142.76,78209,San Antonio-New Braunfels,2024-06-14
Houston,1664,5,3.0,0.9,2007,17,9.5,49.8,0.0243,310682,186.71,77056,Houston-The Woodlands-Sugar Land,2023-12-31
Fort Worth,2809,2,1.0,0.577,1980,44,8.4,19.7,0.0206,430554,153.28,76132,Dallas-Fort Worth-Arlington,2023-04-06
Dallas,1158,4,3.0,0.214,1998,26,6.2,8.8,0.0222,233193,201.38,75201,Dallas-Fort Worth-Arlington,2024-04-18
Austin,2443,4,3.0,0.05,1979,45,5.5,34.4,0.0236,718681,294.18,78748,Austin-Round Rock-Georgetown,2023-03-24
Austin,1483,4,4.0,0.132,1989,35,8.4,13.9,0.0209,496698,334.93,78701,Austin-Round Rock-Georgetown,2023-11-21
San Antonio,2129,5,3.5,0.176,1993,31,6.7,32.0,0.0223,361573,169.83,78230,San Antonio-New Braunfels,2023-04-01
Austin,1109,3,2.0,0.571,1960,64,5.7,13.3,0.023,295848,266.77,78703,Austin-Round Rock-Georgetown,2023-07-17
Dallas,1876,3,2.5,0.461,1962,62,7.7,35.0,0.0216,323382,172.38,75204,Dallas-Fort Worth-Arlington,2023-12-27
Fort Worth,1850,3,2.0,0.186,1986,38,6.2,25.7,0.0207,323079,174.64,76107,Dallas-Fort Worth-Arlington,2024-06-30
Austin,1646,3,2.0,0.197,2007,17,8.9,15.3,0.0222,526450,319.84,78703,Austin-Round Rock-Georgetown,2024-06-26
Austin,1153,3,3.0,0.289,2000,24,8.9,9.5,0.0206,404983,351.24,78748,Austin-Round Rock-Georgetown,2024-05-04
Fort Worth,1807,3,2.5,0.432,2003,21,7.5,23.1,0.0214,328315,181.69,76132,Dallas-Fort Worth-Arlington,2023-05-09
Dallas,2860,3,2.0,0.185,1993,31,7.3,42.6,0.0232,515562,180.27,75230,Dallas-Fort Worth-Arlington,2023-02-21
Austin,2026,3,2.0,0.217,1960,64,9.1,20.4,0.0204,653138,322.38,78704,Austin-Round Rock-Georgetown,2024-05-10
Fort Worth,1927,4,2.5,0.563,1975,49,7.3,28.5,0.0226,385186,199.89,76109,Dallas-Fort Worth-Arlington,2024-05-19
Fort Worth,2463,3,2.0,0.444,1973,51,6.4,12.0,0.0223,406690,165.12,76107,Dallas-Fort Worth-Arlington,2023-06-02
Dallas,2208,5,3.5,0.092,2019,5,7.7,13.8,0.0221,454266,205.74,75230,Dallas-Fort Worth-Arlington,2023-01-11
Dallas,1854,2,1.0,0.112,1982,42,5.8,18.1,0.0226,314667,169.72,75225,Dallas-Fort Worth-Arlington,2023-12-21
Houston,1800,4,3.5,0.265,2004,20,4.8,24.4,0.025,270951,150.53,77019,Houston-The Woodlands-Sugar Land,2023-02-11
Austin,1917,4,4.0,0.202,1976,48,9.5,14.6,0.0228,671688,350.38,78703,Austin-Round Rock-Georgetown,2023-01-23
Dallas,1800,4,3.5,0.212,1991,33,9.7,22.6,0.0227,383455,213.03,75205,Dallas-Fort Worth-Arlington,2024-05-27
Houston,1951,3,3.0,0.571,1981,43,7.8,22.4,0.0232,305778,156.73,77024,Houston-The Woodlands-Sugar Land,2023-09-29
Dallas,1295,4,3.0,0.151,1968,56,5.4,17.7,0.0217,225849,174.4,75230,Dallas-Fort Worth-Arlington,2023-03-03
San Antonio,1745,3,3.0,0.408,1962,62,4.2,5.9,0.0225,242797,139.14,78216,San Antonio-New Braunfels,2023-12-25
Austin,2144,5,4.5,0.179,1982,42,7.6,30.4,0.0212,740593,345.43,78748,Austin-Round Rock-Georgetown,2023-07-21
Dallas,4202,4,2.5,0.265,1977,47,8.1,20.8,0.0222,858093,204.21,75230,Dallas-Fort Worth-Arlington,2023-10-21
Houston,1766,3,3.0,0.484,2006,18,7.2,33.7,0.0221,285048,161.41,77019,Houston-The Woodlands-Sugar Land,2024-05-06
Fort Worth,2631,4,3.0,0.175,1986,38,9.6,21.0,0.0236,524850,199.49,76132,Dallas-Fort Worth-Arlington,2023-05-11
Houston,2260,3,2.0,0.528,1972,52,5.6,18.4,0.0239,339059,150.03,77007,Houston-The Woodlands-Sugar Land,2023-12-20
Dallas,1724,4,4.0,0.137,2023,1,7.5,9.8,0.0211,394030,228.56,75254,Dallas-Fort Worth-Arlington,2024-03-29
Dallas,2018,4,2.5,0.095,1971,53,7.7,6.7,0.021,351489,174.18,75204,Dallas-Fort Worth-Arlington,2023-08-20
Houston,2381,5,3.0,0.626,1976,48,8.8,8.9,0.0233,420252,176.5,77024,Houston-The Woodlands-Sugar Land,2024-06-14
Dallas,1398,4,2.5,0.258,2014,10,6.3,25.6,0.0198,262041,187.44,75204,Dallas-Fort Worth-Arlington,2023-09-03
San Antonio,1522,3,2.0,0.215,1986,38,6.3,16.2,0.023,214162,140.71,78216,San Antonio-New Braunfels,2023-09-09
Dallas,1836,2,1.0,0.129,2010,14,7.1,32.2,0.0209,355513,193.63,75205,Dallas-Fort Worth-Arlington,2024-04-28
San Antonio,1304,5,3.5,0.87,1980,44,5.9,12.5,0.0221,215754,165.46,78230,San Antonio-New Braunfels,2023-12-14
Fort Worth,1794,4,4.0,0.242,2007,17,7.0,33.6,0.0231,338444,188.65,76102,Dallas-Fort Worth-Arlington,2024-04-20
Houston,2682,2,1.5,0.166,1995,29,5.4,20.1,0.0244,385992,143.92,77079,Houston-The Woodlands-Sugar Land,2024-03-08
Dallas,3133,3,2.5,0.122,2004,20,7.5,20.1,0.0227,623539,199.02,75254,Dallas-Fort Worth-Arlington,2024-01-25
Austin,1522,4,2.5,0.127,1997,27,5.9,18.0,0.0212,466959,306.81,78704,Austin-Round Rock-Georgetown,2023-05-13
San Antonio,2304,3,2.5,0.22,1971,53,8.3,16.2,0.0213,305041,132.4,78216,San Antonio-New Braunfels,2023-08-07
Dallas,2085,4,3.0,0.264,1998,26,8.0,15.0,0.0223,451516,216.55,75230,Dallas-Fort Worth-Arlington,2024-04-17
Houston,2515,3,2.0,0.221,2015,9,6.5,28.5,0.0226,397464,158.04,77007,Houston-The Woodlands-Sugar Land,2023-12-03
Austin,2379,3,2.5,0.445,1991,33,9.5,13.2,0.0213,600230,252.3,78748,Austin-Round Rock-Georgetown,2023-06-03
Fort Worth,1795,3,3.0,0.256,2009,15,7.8,40.2,0.0218,375684,209.29,76102,Dallas-Fort Worth-Arlington,2023-06-29
Houston,2251,3,2.5,0.187,1975,49,7.5,13.7,0.0227,360181,160.01,77056,Houston-The Woodlands-Sugar Land,2024-02-29
San Antonio,1704,3,2.5,0.471,2020,4,6.1,29.2,0.0211,215798,126.64,78209,San Antonio-New Braunfels,2023-04-08
Austin,1320,3,2.0,0.125,1999,25,7.5,12.6,0.0221,388655,294.44,78748,Austin-Round Rock-Georgetown,2023-03-03
Fort Worth,1687,4,3.0,0.474,1986,38,7.1,13.8,0.023,304879,180.72,76132,Dallas-Fort Worth-Arlington,2024-02-23
Austin,2909,5,5.0,0.073,1984,40,10.0,17.0,0.0212,1213986,417.32,78702,Austin-Round Rock-Georgetown,2023-06-07
Houston,2592,5,5.0,0.283,1973,51,5.4,30.7,0.023,478603,184.65,77024,Houston-The Woodlands-Sugar Land,2024-02-23
San Antonio,1866,4,3.0,0.376,2004,20,8.3,12.1,0.0231,317818,170.32,78216,San Antonio-New Braunfels,2023-10-19
Fort Worth,1984,3,2.0,0.146,2022,2,4.4,40.4,0.0222,313026,157.78,76107,Dallas-Fort Worth-Arlington,2024-06-29
Houston,1088,3,3.0,0.763,1984,40,6.0,33.9,0.0225,172455,158.51,77024,Houston-The Woodlands-Sugar Land,2023-10-15
Dallas,2879,4,4.0,0.421,1994,30,7.3,31.1,0.0213,673645,233.99,75254,Dallas-Fort Worth-Arlington,2024-04-19
San Antonio,2116,2,1.0,0.173,2018,6,6.5,12.8,0.0235,276063,130.46,78201,San Antonio-New Braunfels,2024-04-10
Fort Worth,1263,3,3.0,0.339,2007,17,5.6,23.2,0.0219,218539,173.03,76132,Dallas-Fort Worth-Arlington,2023-04-26
Houston,2395,3,3.0,0.193,1983,41,7.3,50.0,0.0247,331007,138.21,77079,Houston-The Woodlands-Sugar Land,2024-06-28
Dallas,1800,4,2.5,0.331,1975,49,7.6,19.6,0.0234,396359,220.2,75225,Dallas-Fort Worth-Arlington,2024-02-12
San Antonio,2760,4,3.5,0.371,1962,62,7.5,14.5,0.0221,471631,170.88,78230,San Antonio-New Braunfels,2023-02-28
San Antonio,3212,4,2.5,0.289,1985,39,7.1,12.3,0.0244,509586,158.65,78209,San Antonio-New Braunfels,2023-01-04
San Antonio,2287,4,2.5,0.222,1993,31,5.0,14.7,0.021,353539,154.59,78201,San Antonio-New Braunfels,2023-05-29
Dallas,2268,3,2.0,0.284,2016,8,5.8,19.9,0.0227,363391,160.23,75225,Dallas-Fort Worth-Arlington,2023-01-09
Austin,2333,3,2.0,0.09,1968,56,9.8,7.8,0.0198,745977,319.75,78748,Austin-Round Rock-Georgetown,2023-07-15
Fort Worth,1748,5,4.5,0.071,1985,39,5.8,15.0,0.0226,386743,221.25,76102,Dallas-Fort Worth-Arlington,2024-06-29
Fort Worth,2756,4,2.5,0.296,2023,1,8.8,37.1,0.0223,475406,172.5,76109,Dallas-Fort Worth-Arlington,2023-09-19
San Antonio,1665,3,2.5,0.118,1998,26,7.6,12.9,0.0213,278239,167.11,78250,San Antonio-New Braunfels,2023-01-14
Austin,2181,4,2.5,0.615,2003,21,8.1,28.2,0.0224,676655,310.25,78748,Austin-Round Rock-Georgetown,2023-09-28
Houston,1800,3,2.5,0.076,1983,41,7.5,20.7,0.022,295636,164.24,77019,Houston-The Woodlands-Sugar Land,2023-04-30
San Antonio,1300,3,3.0,0.173,1987,37,6.4,9.6,0.0241,199077,153.14,78209,San Antonio-New Braunfels,2024-04-13
Austin,3255,3,2.0,0.517,1995,29,7.4,12.8,0.0222,902009,277.11,78703,Austin-Round Rock-Georgetown,2023-02-19
Fort Worth,2450,4,3.0,0.399,1972,52,8.6,18.9,0.0209,547283,223.38,76132,Dallas-Fort Worth-Arlington,2024-02-26
Houston,1328,3,2.0,0.62,1987,37,7.0,36.3,0.021,197074,148.4,77079,Houston-The Woodlands-Sugar Land,2023-09-01
San Antonio,1111,5,4.5,0.109,2015,9,7.1,27.2,0.0223,198963,179.08,78209,San Antonio-New Braunfels,2023-01-11
Fort Worth,2326,4,2.5,0.328,1965,59,7.7,31.3,0.0221,373921,160.76,76132,Dallas-Fort Worth-Arlington,2024-01-04
Houston,2583,4,4.0,0.196,1980,44,6.0,34.3,0.0216,400322,154.98,77024,Houston-The Woodlands-Sugar Land,2023-09-06
Houston,1902,4,3.0,0.087,1975,49,8.4,43.2,0.0218,254089,133.59,77019,Houston-The Woodlands-Sugar Land,2024-02-27
Dallas,1957,5,4.5,0.107,1990,34,9.3,5.9,0.0216,463912,237.05,75201,Dallas-Fort Worth-Arlington,2023-12-05
Dallas,2825,4,2.5,0.08,2003,21,8.2,23.2,0.0203,486486,172.21,75225,Dallas-Fort Worth-Arlington,2024-03-06
Houston,2867,3,2.5,0.207,2003,21,7.2,21.1,0.0214,539774,188.27,77024,Houston-The Woodlands-Sugar Land,2023-09-09
Dallas,2703,4,3.0,0.223,1962,62,5.8,21.2,0.0207,516162,190.96,75254,Dallas-Fort Worth-Arlington,2023-01-05
Fort Worth,1394,4,4.0,0.242,1998,26,7.2,7.3,0.0212,290517,208.41,76109,Dallas-Fort Worth-Arlington,2023-03-13
Dallas,2119,3,2.0,0.224,1969,55,8.7,13.0,0.0198,376857,177.85,75201,Dallas-Fort Worth-Arlington,2023-09-09
Houston,1511,3,2.0,0.179,1982,42,8.5,22.1,0.0239,211780,140.16,77024,Houston-The Woodlands-Sugar Land,2023-08-06
Houston,1298,5,4.5,0.249,1984,40,5.5,23.1,0.0219,258952,199.5,77056,Houston-The Woodlands-Sugar Land,2024-03-10
Houston,4760,4,3.5,0.051,1970,54,4.8,47.9,0.022,711499,149.47,77019,Houston-The Woodlands-Sugar Land,2023-08-14
Austin,2312,5,3.0,0.141,2009,15,8.2,10.2,0.0209,865158,374.2,78704,Austin-Round Rock-Georgetown,2024-04-15
Austin,2008,3,2.0,0.359,1979,45,6.8,18.2,0.0208,605418,301.5,78748,Austin-Round Rock-Georgetown,2023-04-13
San Antonio,2397,2,2.0,0.992,1976,48,8.2,28.8,0.0233,370651,154.63,78230,San Antonio-New Braunfels,2023-07-30
Houston,1364,3,2.0,0.167,1981,43,7.5,40.8,0.0218,198915,145.83,77056,Houston-The Woodlands-Sugar Land,2024-02-18
Fort Worth,2038,3,2.5,1.839,1987,37,7.5,13.8,0.0205,369672,181.39,76107,Dallas-Fort Worth-Arlington,2023-03-09
Houston,1583,3,3.0,0.177,2014,10,9.2,15.2,0.0229,296850,187.52,77007,Houston-The Woodlands-Sugar Land,2023-06-25
Austin,2483,4,2.5,0.338,1962,62,7.3,22.2,0.0224,855435,344.52,78704,Austin-Round Rock-Georgetown,2024-02-16
San Antonio,1182,3,2.0,0.05,1971,53,7.1,27.2,0.0219,154104,130.38,78258,San Antonio-New Braunfels,2023-11-19
Fort Worth,1434,3,2.0,0.155,2015,9,6.1,17.5,0.0215,283116,197.43,76109,Dallas-Fort Worth-Arlington,2024-03-01
Houston,1865,4,3.5,0.164,1966,58,4.8,10.0,0.0218,312334,167.47,77056,Houston-The Woodlands-Sugar Land,2023-10-10
Houston,2900,4,3.5,0.103,2019,5,6.5,37.7,0.0226,498355,171.85,77002,Houston-The Woodlands-Sugar Land,2024-04-14
Houston,3249,3,2.0,0.257,2020,4,5.8,27.1,0.0235,452202,139.18,77079,Houston-The Woodlands-Sugar Land,2024-04-24
Dallas,2107,3,2.0,0.296,2003,21,7.8,15.5,0.0229,383012,181.78,75204,Dallas-Fort Worth-Arlington,2024-06-17
Dallas,1345,4,3.0,0.173,1963,61,6.2,22.0,0.02,246775,183.48,75254,Dallas-Fort Worth-Arlington,2023-03-08
Houston,2418,3,2.5,0.168,1979,45,6.8,29.6,0.024,378659,156.6,77019,Houston-The Woodlands-Sugar Land,2023-11-20
Austin,1488,3,2.0,0.098,2013,11,7.9,11.5,0.0214,429749,288.81,78750,Austin-Round Rock-Georgetown,2023-03-04
Dallas,1147,4,2.5,0.061,1979,45,7.6,30.9,0.0226,216126,188.43,75254,Dallas-Fort Worth-Arlington,2023-05-06
Fort Worth,1491,4,3.5,0.248,1992,32,6.8,11.6,0.0222,297983,199.85,76132,Dallas-Fort Worth-Arlington,2023-06-14
Dallas,2124,4,4.0,0.124,1965,59,8.7,12.5,0.0231,508278,239.3,75254,Dallas-Fort Worth-Arlington,2023-12-20
Dallas,1831,3,2.0,0.106,1971,53,6.8,31.7,0.0229,296662,162.02,75225,Dallas-Fort Worth-Arlington,2023-08-24
Austin,1822,4,3.0,0.741,2012,12,8.4,13.6,0.0227,621426,341.07,78748,Austin-Round Rock-Georgetown,2024-04-18
Houston,2841,4,2.5,0.439,2002,22,8.7,14.9,0.0221,537411,189.16,77007,Houston-The Woodlands-Sugar Land,2023-06-13
Houston,1741,3,2.5,0.169,1989,35,4.4,11.5,0.023,226670,130.2,77002,Houston-The Woodlands-Sugar Land,2023-12-04
San Antonio,1783,3,3.0,0.858,1982,42,5.2,18.2,0.0215,247204,138.64,78216,San Antonio-New Braunfels,2024-02-22
Fort Worth,3401,2,1.5,0.133,1962,62,8.4,3.9,0.0214,555636,163.37,76132,Dallas-Fort Worth-Arlington,2024-06-20
Fort Worth,1623,4,3.0,0.1,2013,11,9.5,9.8,0.0231,337277,207.81,76132,Dallas-Fort Worth-Arlington,2023-05-15
Fort Worth,1702,3,2.5,0.265,2008,16,5.9,17.8,0.021,266605,156.64,76109,Dallas-Fort Worth-Arlington,2024-02-06
Fort Worth,1549,4,3.0,0.303,1978,46,7.1,53.7,0.0196,276947,178.79,76109,Dallas-Fort Worth-Arlington,2023-02-16
Fort Worth,1983,4,3.0,0.212,2002,22,7.2,13.8,0.0224,323009,162.89,76109,Dallas-Fort Worth-Arlington,2023-10-25
Austin,2398,4,3.0,0.157,1961,63,7.9,26.8,0.0247,819841,341.89,78750,Austin-Round Rock-Georgetown,2023-08-15
Austin,1603,3,2.5,0.103,1974,50,6.6,13.6,0.0223,414370,258.5,78748,Austin-Round Rock-Georgetown,2024-06-08
Houston,1691,3,3.0,0.547,2008,16,5.1,60.0,0.0215,211867,125.29,77002,Houston-The Woodlands-Sugar Land,2024-02-28
Dallas,1964,4,4.0,0.172,1976,48,7.0,11.8,0.0224,406595,207.02,75225,Dallas-Fort Worth-Arlington,2024-05-22
Austin,2645,4,3.0,0.065,1997,27,7.9,7.4,0.0202,940331,355.51,78703,Austin-Round Rock-Georgetown,2024-04-10
San Antonio,1143,4,3.5,0.228,2000,24,5.3,23.4,0.0225,162593,142.25,78250,San Antonio-New Braunfels,2023-08-13
Dallas,2123,4,2.5,0.092,1964,60,7.6,18.0,0.023,388846,183.16,75225,Dallas-Fort Worth-Arlington,2024-02-06
Dallas,2376,4,3.0,0.227,1983,41,7.1,13.1,0.022,485079,204.16,75254,Dallas-Fort Worth-Arlington,2023-01-17
Austin,1814,2,2.0,0.188,1996,28,7.1,8.4,0.0213,559230,308.29,78704,Austin-Round Rock-Georgetown,2023-11-02
Houston,2220,5,3.5,0.343,1991,33,3.9,32.8,0.0211,329424,148.39,77056,Houston-The Woodlands-Sugar Land,2023-01-26
Austin,1628,5,5.0,0.275,2021,3,8.5,5.5,0.0217,629643,386.76,78701,Austin-Round Rock-Georgetown,2024-02-01
San Antonio,1526,3,2.5,0.394,1969,55,4.2,16.6,0.0216,196037,128.46,78258,San Antonio-New Braunfels,2024-06-12
Dallas,2191,3,2.0,0.158,2000,24,6.4,14.2,0.0218,387058,176.66,75201,Dallas-Fort Worth-Arlington,2024-01-08
San Antonio,1954,4,4.0,0.607,1995,29,7.0,13.2,0.0226,295902,151.43,78209,San Antonio-New Braunfels,2024-04-04
Houston,1842,3,2.0,0.295,2005,19,6.2,18.4,0.0224,360139,195.52,77079,Houston-The Woodlands-Sugar Land,2023-05-09
Houston,1721,4,2.5,0.369,1964,60,8.4,15.6,0.0243,313841,182.36,77079,Houston-The Woodlands-Sugar Land,2024-06-27
Houston,1983,4,4.0,0.396,1968,56,7.3,15.7,0.0228,410117,206.82,77019,Houston-The Woodlands-Sugar Land,2023-10-29
San Antonio,2102,3,3.0,0.276,2006,18,6.6,25.1,0.0232,312612,148.72,78216,San Antonio-New Braunfels,2024-01-04
San Antonio,1583,5,4.0,0.194,1992,32,9.7,7.4,0.0235,270801,171.07,78201,San Antonio-New Braunfels,2024-02-26
Houston,2184,3,2.0,0.152,1963,61,6.8,14.4,0.0239,321899,147.39,77079,Houston-The Woodlands-Sugar Land,2023-12-16
Fort Worth,2409,5,5.0,0.204,2007,17,5.1,42.7,0.0203,430160,178.56,76102,Dallas-Fort Worth-Arlington,2023-06-23
Austin,2151,4,3.5,0.612,2021,3,6.9,12.7,0.0213,792054,368.23,78701,Austin-Round Rock-Georgetown,2023-12-01
Fort Worth,2274,4,2.5,0.204,1969,55,7.9,11.2,0.0238,396401,174.32,76107,Dallas-Fort Worth-Arlington,2023-12-24
Austin,1895,3,2.0,0.107,1989,35,6.9,11.4,0.0205,599281,316.24,78701,Austin-Round Rock-Georgetown,2024-04-13
Houston,1660,5,4.0,0.425,1985,39,7.1,20.9,0.0216,283371,170.71,77002,Houston-The Woodlands-Sugar Land,2023-09-21
San Antonio,1328,5,5.0,0.27,2023,1,5.5,12.1,0.0217,217820,164.02,78230,San Antonio-New Braunfels,2023-10-02
Austin,2181,3,2.5,0.381,1966,58,9.7,19.6,0.0211,716161,328.36,78745,Austin-Round Rock-Georgetown,2023-10-03
Houston,1891,5,5.0,0.274,1978,46,7.0,52.5,0.0216,392775,207.71,77007,Houston-The Woodlands-Sugar Land,2023-03-04
Houston,1985,3,2.0,0.087,1971,53,7.6,13.1,0.0232,342774,172.68,77056,Houston-The Woodlands-Sugar Land,2023-02-19
Houston,1716,3,2.0,0.185,1974,50,9.9,32.5,0.0227,264485,154.13,77024,Houston-The Woodlands-Sugar Land,2023-01-12
San Antonio,1925,4,3.5,0.322,2019,5,5.4,9.9,0.0229,278438,144.64,78205,San Antonio-New Braunfels,2023-12-31
San Antonio,2426,2,1.5,0.25,1991,33,4.5,22.6,0.0223,341453,140.75,78230,San Antonio-New Braunfels,2023-08-18
Fort Worth,2730,3,2.0,0.149,1983,41,5.5,49.8,0.0218,449375,164.61,76109,Dallas-Fort Worth-Arlington,2024-04-18
Houston,1927,3,2.0,0.455,1984,40,7.2,13.0,0.0246,302552,157.01,77056,Houston-The Woodlands-Sugar Land,2024-01-20
Dallas,1744,4,3.0,0.191,2002,22,7.3,14.7,0.0214,356108,204.19,75201,Dallas-Fort Worth-Arlington,2023-03-19
Houston,2413,4,4.0,0.414,2017,7,6.7,17.1,0.0232,397335,164.66,77007,Houston-The Woodlands-Sugar Land,2023-02-24
Houston,2251,4,3.5,0.07,1988,36,6.6,49.2,0.0229,387607,172.19,77007,Houston-The Woodlands-Sugar Land,2023-07-20
Austin,3847,3,3.0,0.124,1988,36,8.1,10.2,0.0209,1333888,346.73,78703,Austin-Round Rock-Georgetown,2024-05-18
Fort Worth,2693,4,2.5,0.177,2006,18,7.7,35.4,0.0245,473630,175.87,76132,Dallas-Fort Worth-Arlington,2023-01-27
Fort Worth,1747,4,3.0,0.215,1971,53,6.5,5.4,0.0219,319503,182.89,76109,Dallas-Fort Worth-Arlington,2023-04-13
San Antonio,2855,3,2.5,0.2,1973,51,4.0,8.7,0.0231,376512,131.88,78216,San Antonio-New Braunfels,2023-01-17
Dallas,2637,4,4.0,0.135,1961,63,8.3,25.2,0.0226,619028,234.75,75225,Dallas-Fort Worth-Arlington,2023-08-15
Dallas,1790,4,3.0,0.094,1974,50,8.1,8.5,0.0226,379825,212.19,75254,Dallas-Fort Worth-Arlington,2024-06-25
Dallas,2758,3,3.0,0.244,2000,24,6.4,12.6,0.0225,541906,196.49,75205,Dallas-Fort Worth-Arlington,2024-01-09
Dallas,1769,4,3.5,0.138,2012,12,6.6,7.7,0.022,402205,227.36,75204,Dallas-Fort Worth-Arlington,2023-09-27
Houston,2698,3,3.0,0.25,1989,35,7.9,31.7,0.0241,477719,177.06,77002,Houston-The Woodlands-Sugar Land,2023-03-20
Austin,3043,2,1.5,0.268,1970,54,9.0,30.7,0.0228,959028,315.16,78703,Austin-Round Rock-Georgetown,2023-07-14
Austin,2288,4,3.5,0.217,1973,51,7.4,15.6,0.0216,781024,341.36,78745,Austin-Round Rock-Georgetown,2023-10-14
Fort Worth,1923,4,3.5,0.262,1983,41,8.4,50.9,0.0225,399071,207.53,76107,Dallas-Fort Worth-Arlington,2023-05-31
Dallas,2103,3,2.0,0.18,1969,55,6.3,13.9,0.0209,399017,189.74,75205,Dallas-Fort Worth-Arlington,2024-01-21
Fort Worth,1986,4,3.0,0.167,1970,54,6.3,25.7,0.0226,319678,160.97,76107,Dallas-Fort Worth-Arlington,2024-06-20
Austin,1291,4,3.5,0.25,2015,9,10.0,31.5,0.0222,475113,368.02,78750,Austin-Round Rock-Georgetown,2023-04-23
Dallas,3930,4,3.5,0.299,2009,15,6.8,33.5,0.022,815136,207.41,75254,Dallas-Fort Worth-Arlington,2023-05-18
Houston,1933,3,3.0,0.275,2012,12,5.9,35.4,0.0237,334881,173.24,77002,Houston-The Woodlands-Sugar Land,2023-03-11
Houston,1496,4,4.0,1.332,1992,32,8.3,16.7,0.0234,304381,203.46,77002,Houston-The Woodlands-Sugar Land,2024-02-01
Austin,1260,3,2.5,0.17,2000,24,8.1,24.8,0.0207,333341,264.56,78702,Austin-Round Rock-Georgetown,2023-09-10
Austin,2093,3,3.0,0.367,2017,7,8.8,23.6,0.0221,814061,388.94,78748,Austin-Round Rock-Georgetown,2023-06-05
Fort Worth,1659,4,3.5,0.415,1962,62,6.9,47.2,0.0213,322726,194.53,76107,Dallas-Fort Worth-Arlington,2023-04-30
Houston,2508,4,2.5,0.274,1978,46,7.2,19.8,0.0223,410341,163.61,77079,Houston-The Woodlands-Sugar Land,2023-02-08
Dallas,1207,4,3.0,0.158,1996,28,8.0,27.4,0.0202,247319,204.9,75225,Dallas-Fort Worth-Arlington,2023-09-18
Dallas,2295,2,1.5,0.11,2023,1,4.7,27.0,0.0215,329158,143.42,75225,Dallas-Fort Worth-Arlington,2024-01-09
Houston,2002,3,2.0,0.95,1981,43,5.8,23.0,0.0218,310187,154.94,77007,Houston-The Woodlands-Sugar Land,2023-05-09
Dallas,1921,3,2.5,0.134,1999,25,6.6,29.2,0.0238,389944,202.99,75205,Dallas-Fort Worth-Arlington,2023-01-01
Houston,1464,4,4.0,0.402,1967,57,4.8,14.7,0.023,254896,174.11,77002,Houston-The Woodlands-Sugar Land,2023-09-16
Fort Worth,1830,5,3.5,0.345,1998,26,5.5,46.8,0.021,382734,209.14,76109,Dallas-Fort Worth-Arlington,2024-01-05
San Antonio,3576,3,2.5,0.05,1982,42,6.3,27.8,0.0234,440380,123.15,78205,San Antonio-New Braunfels,2023-07-08
San Antonio,1785,3,2.5,0.076,1990,34,7.9,28.9,0.022,265233,148.59,78209,San Antonio-New Braunfels,2023-05-17
Dallas,1873,3,2.0,0.262,2022,2,5.2,7.2,0.0219,350518,187.14,75201,Dallas-Fort Worth-Arlington,2023-03-26
Austin,2061,5,5.0,0.198,1966,58,8.4,15.5,0.0225,797380,386.89,78748,Austin-Round Rock-Georgetown,2024-02-13
Fort Worth,2260,3,2.0,0.08,2023,1,6.9,18.1,0.0224,398027,176.12,76132,Dallas-Fort Worth-Arlington,2024-04-16
Houston,2500,3,2.0,0.105,2008,16,7.3,8.6,0.0233,363468,145.39,77019,Houston-The Woodlands-Sugar Land,2024-02-26
Austin,1693,3,3.0,0.067,1960,64,7.3,6.6,0.0198,527822,311.77,78704,Austin-Round Rock-Georgetown,2023-10-11
Houston,2484,5,3.0,0.232,2005,19,6.5,12.9,0.0226,407933,164.22,77079,Houston-The Woodlands-Sugar Land,2024-02-01
San Antonio,1513,2,2.0,1.472,1984,40,4.9,15.0,0.0211,194328,128.44,78216,San Antonio-New Braunfels,2023-08-06
Dallas,1802,3,2.5,0.16,2019,5,6.7,8.9,0.0213,348435,193.36,75225,Dallas-Fort Worth-Arlington,2023-01-14
San Antonio,1993,3,2.5,0.201,2011,13,4.4,21.0,0.0218,289568,145.29,78209,San Antonio-New Braunfels,2023-07-21
San Antonio,2894,3,3.0,0.232,1974,50,6.9,13.7,0.0219,441158,152.44,78216,San Antonio-New Braunfels,2024-01-20
Houston,2438,3,2.0,0.308,1991,33,5.9,24.5,0.0232,316759,129.93,77024,Houston-The Woodlands-Sugar Land,2023-12-21
Fort Worth,2028,2,2.0,0.251,2022,2,4.6,37.9,0.0222,279086,137.62,76109,Dallas-Fort Worth-Arlington,2024-06-25
Houston,1657,4,2.5,0.175,1978,46,7.8,9.0,0.022,239775,144.7,77024,Houston-The Woodlands-Sugar Land,2024-06-29
Dallas,1527,3,2.5,0.207,2015,9,6.4,16.1,0.0225,259737,170.1,75225,Dallas-Fort Worth-Arlington,2023-05-13
Austin,1600,2,1.5,0.115,1974,50,8.1,16.1,0.0209,448720,280.45,78701,Austin-Round Rock-Georgetown,2023-01-06
Fort Worth,2376,3,2.0,0.228,1984,40,8.8,15.2,0.0205,432477,182.02,76132,Dallas-Fort Worth-Arlington,2023-05-31
Houston,2900,4,3.0,1.231,2003,21,5.1,21.4,0.0242,448102,154.52,77079,Houston-The Woodlands-Sugar Land,2024-04-24
Austin,1765,3,2.0,0.209,2018,6,8.6,17.4,0.0205,485219,274.91,78702,Austin-Round Rock-Georgetown,2024-03-20
Houston,2271,2,1.0,0.725,1981,43,9.2,13.7,0.0236,374422,164.87,77007,Houston-The Woodlands-Sugar Land,2023-02-24
Austin,2385,3,2.0,0.18,1995,29,8.3,6.5,0.0221,739199,309.94,78750,Austin-Round Rock-Georgetown,2023-03-29
Austin,2184,4,2.5,0.175,1969,55,9.0,12.7,0.02,752148,344.39,78703,Austin-Round Rock-Georgetown,2023-11-05
Dallas,1569,2,1.5,0.213,2006,18,7.1,6.2,0.0216,313561,199.85,75230,Dallas-Fort Worth-Arlington,2023-12-28
Houston,1834,2,2.0,0.377,1965,59,8.0,5.5,0.0247,297273,162.09,77056,Houston-The Woodlands-Sugar Land,2024-06-21
Fort Worth,4143,3,2.0,0.235,1990,34,6.7,27.7,0.0229,686040,165.59,76132,Dallas-Fort Worth-Arlington,2024-02-17
Houston,1953,4,4.0,0.191,2009,15,8.0,41.3,0.0241,345920,177.12,77002,Houston-The Woodlands-Sugar Land,2023-04-26
San Antonio,1026,3,2.0,0.216,1982,42,5.7,15.8,0.0215,125792,122.6,78216,San Antonio-New Braunfels,2023-01-21
Dallas,2886,4,3.5,0.319,1960,64,8.3,26.8,0.0223,626744,217.17,75225,Dallas-Fort Worth-Arlington,2023-12-13
Dallas,3019,4,3.0,0.131,2006,18,8.0,13.2,0.0236,646077,214.0,75254,Dallas-Fort Worth-Arlington,2023-10-30
Dallas,2051,3,3.0,0.2,1977,47,8.3,8.6,0.0217,443162,216.07,75204,Dallas-Fort Worth-Arlington,2024-05-19
Dallas,2039,3,3.0,0.065,1981,43,8.1,27.8,0.0218,406742,199.48,75204,Dallas-Fort Worth-Arlington,2023-11-12
Fort Worth,2476,4,2.5,0.262,2022,2,8.1,11.2,0.0216,478863,193.4,76102,Dallas-Fort Worth-Arlington,2023-10-02
Houston,2380,3,3.0,0.495,2018,6,6.2,19.0,0.0214,375685,157.85,77056,Houston-The Woodlands-Sugar Land,2023-06-15
Austin,2218,3,2.0,0.251,1978,46,10.0,9.6,0.0199,652301,294.09,78750,Austin-Round Rock-Georgetown,2023-02-17
Dallas,1619,3,2.0,0.382,1968,56,9.0,23.2,0.0241,300288,185.48,75201,Dallas-Fort Worth-Arlington,2024-04-24
San Antonio,1194,3,3.0,0.149,2021,3,7.1,15.2,0.0223,165269,138.42,78205,San Antonio-New Braunfels,2024-03-27
Austin,1893,3,2.0,0.109,2008,16,6.6,9.3,0.0219,593449,313.5,78703,Austin-Round Rock-Georgetown,2023-03-31
Houston,1651,5,5.0,0.102,1975,49,5.7,31.0,0.0222,275552,166.9,77079,Houston-The Woodlands-Sugar Land,2024-01-21
Fort Worth,2073,3,2.0,0.254,2005,19,7.4,8.3,0.0207,296651,143.1,76107,Dallas-Fort Worth-Arlington,2023-07-19
San Antonio,3276,4,3.0,0.254,1982,42,4.6,14.3,0.0243,482816,147.38,78205,San Antonio-New Braunfels,2023-08-28
Fort Worth,1671,3,2.5,0.224,1973,51,4.9,12.6,0.0205,272368,163.0,76107,Dallas-Fort Worth-Arlington,2024-04-09
Dallas,2128,4,3.5,0.189,1995,29,8.5,15.1,0.025,444492,208.88,75225,Dallas-Fort Worth-Arlington,2024-04-05
Dallas,1525,4,3.0,0.064,2009,15,7.6,6.9,0.0222,294152,192.89,75205,Dallas-Fort Worth-Arlington,2023-04-15
Houston,1873,3,2.5,0.123,1983,41,6.6,15.3,0.0221,281187,150.13,77002,Houston-The Woodlands-Sugar Land,2023-06-18
Fort Worth,2535,4,4.0,0.3,1991,33,5.8,16.6,0.021,511817,201.9,76132,Dallas-Fort Worth-Arlington,2024-03-25
Houston,1284,3,3.0,0.353,2010,14,8.3,43.9,0.0235,211683,164.86,77019,Houston-The Woodlands-Sugar Land,2024-05-16
San Antonio,2474,3,2.0,0.304,2006,18,5.3,15.5,0.0226,351007,141.88,78205,San Antonio-New Braunfels,2023-02-13
Houston,2782,4,4.0,0.179,1961,63,6.9,16.3,0.0228,586123,210.68,77056,Houston-The Woodlands-Sugar Land,2024-03-31
Dallas,2112,3,2.5,0.332,2003,21,8.1,26.4,0.0222,448457,212.34,75230,Dallas-Fort Worth-Arlington,2023-09-25
San Antonio,2855,3,2.5,0.4,2017,7,5.4,11.2,0.0224,358286,125.49,78205,San Antonio-New Braunfels,2023-11-19
Dallas,2563,3,2.0,0.101,2010,14,6.6,16.2,0.022,473331,184.68,75201,Dallas-Fort Worth-Arlington,2023-02-11
Fort Worth,1940,3,2.0,0.147,1979,45,8.3,7.0,0.0216,332195,171.23,76102,Dallas-Fort Worth-Arlington,2024-01-08
Houston,2381,3,2.0,0.22,1987,37,8.1,26.0,0.0218,365552,153.53,77056,Houston-The Woodlands-Sugar Land,2024-01-06
Dallas,2608,4,3.0,0.179,1960,64,6.7,60.0,0.0216,482591,185.04,75225,Dallas-Fort Worth-Arlington,2023-12-29
Houston,1668,4,4.0,0.164,1986,38,6.7,14.1,0.0219,322642,193.43,77056,Houston-The Woodlands-Sugar Land,2024-03-08
Houston,1778,4,4.0,0.145,1965,59,6.5,50.0,0.0229,285320,160.47,77024,Houston-The Woodlands-Sugar Land,2024-06-01
Houston,1452,3,2.5,0.291,2009,15,7.2,17.3,0.023,205791,141.73,77019,Houston-The Woodlands-Sugar Land,2024-04-09
Austin,2181,2,1.5,0.181,2005,19,7.0,13.6,0.0212,638823,292.9,78745,Austin-Round Rock-Georgetown,2024-02-12
Austin,1915,3,2.5,0.211,1996,28,9.8,14.6,0.0223,677187,353.62,78748,Austin-Round Rock-Georgetown,2024-06-20
Dallas,2166,3,3.0,0.371,2017,7,7.8,26.2,0.0215,429876,198.47,75205,Dallas-Fort Worth-Arlington,2024-01-04
Dallas,1930,3,2.0,0.05,1964,60,7.2,17.3,0.0206,372014,192.75,75254,Dallas-Fort Worth-Arlington,2024-01-03
Dallas,1609,4,4.0,0.33,2015,9,7.9,21.8,0.0218,414246,257.46,75254,Dallas-Fort Worth-Arlington,2023-10-24
Austin,2416,3,3.0,0.253,1999,25,8.0,6.9,0.0219,776833,321.54,78748,Austin-Round Rock-Georgetown,2024-02-25
Houston,2462,3,2.5,0.342,2010,14,6.2,17.7,0.0225,436294,177.21,77079,Houston-The Woodlands-Sugar Land,2023-02-09
Houston,1930,3,2.5,0.15,2020,4,3.3,37.1,0.0227,263000,136.27,77019,Houston-The Woodlands-Sugar Land,2023-10-04
San Antonio,1634,4,2.5,0.258,1967,57,8.0,20.5,0.0222,238315,145.85,78201,San Antonio-New Braunfels,2023-08-21
Fort Worth,2343,3,2.0,0.2,2004,20,7.2,26.8,0.0214,364984,155.78,76107,Dallas-Fort Worth-Arlington,2024-05-14
Houston,1648,4,3.5,0.498,1975,49,5.2,16.3,0.0226,294606,178.77,77056,Houston-The Woodlands-Sugar Land,2023-02-09
Dallas,1706,3,2.0,0.241,2019,5,7.0,13.0,0.0217,363903,213.31,75230,Dallas-Fort Worth-Arlington,2023-12-19
Austin,1405,4,3.0,0.188,1981,43,8.9,17.1,0.0215,457872,325.89,78703,Austin-Round Rock-Georgetown,2023-04-11
Houston,2695,4,4.0,0.115,1980,44,8.4,18.4,0.0222,486622,180.56,77007,Houston-The Woodlands-Sugar Land,2024-04-28
Austin,2438,4,3.0,0.298,2009,15,8.3,10.5,0.0208,876118,359.36,78704,Austin-Round Rock-Georgetown,2024-04-10
Houston,2048,3,2.0,0.175,1987,37,8.7,10.9,0.0228,321391,156.93,77056,Houston-The Woodlands-Sugar Land,2023-05-09
Dallas,1492,4,3.0,0.196,1999,25,6.2,7.2,0.0203,296621,198.81,75201,Dallas-Fort Worth-Arlington,2024-04-21
Fort Worth,1637,4,2.5,0.221,2006,18,8.2,45.0,0.0199,277909,169.77,76107,Dallas-Fort Worth-Arlington,2023-09-29
Houston,1625,4,3.5,0.642,1973,51,6.9,20.7,0.0246,282675,173.95,77007,Houston-The Woodlands-Sugar Land,2024-06-15
Dallas,2255,4,3.0,0.125,2021,3,9.8,24.7,0.0223,460935,204.41,75230,Dallas-Fort Worth-Arlington,2024-02-04
San Antonio,2563,4,3.5,0.167,1975,49,8.8,41.3,0.022,368197,143.66,78216,San Antonio-New Braunfels,2023-01-19
Fort Worth,1210,4,2.5,0.376,2000,24,8.1,18.1,0.0224,218089,180.24,76102,Dallas-Fort Worth-Arlington,2023-04-21
Dallas,2349,4,4.0,0.226,2010,14,7.3,26.8,0.0204,461228,196.35,75204,Dallas-Fort Worth-Arlington,2023-08-09
Houston,1936,3,2.5,0.187,2006,18,8.4,23.6,0.024,332889,171.95,77002,Houston-The Woodlands-Sugar Land,2023-04-26
Dallas,1703,4,3.5,0.368,1989,35,7.0,7.9,0.0203,355573,208.79,75205,Dallas-Fort Worth-Arlington,2023-03-14
Houston,1041,4,3.5,0.16,1978,46,5.5,36.8,0.0219,154864,148.76,77079,Houston-The Woodlands-Sugar Land,2024-06-18
Fort Worth,1573,4,3.0,0.479,2020,4,8.3,20.0,0.0228,296897,188.75,76109,Dallas-Fort Worth-Arlington,2024-04-20
Houston,1216,4,3.5,0.16,2012,12,5.6,17.5,0.0236,240904,198.11,77079,Houston-The Woodlands-Sugar Land,2023-08-26
San Antonio,1162,5,4.5,0.264,2015,9,5.6,23.5,0.0223,183381,157.81,78250,San Antonio-New Braunfels,2023-04-28
Austin,2355,4,3.0,0.11,2016,8,8.4,12.5,0.0213,784300,333.04,78750,Austin-Round Rock-Georgetown,2023-04-10
Houston,2771,3,2.5,0.522,2022,2,7.4,17.1,0.024,489684,176.72,77007,Houston-The Woodlands-Sugar Land,2024-05-15
Fort Worth,4323,3,2.5,0.279,1999,25,6.9,17.6,0.0221,793781,183.62,76132,Dallas-Fort Worth-Arlington,2023-07-01
Dallas,2827,3,3.0,0.148,1962,62,5.6,41.3,0.0215,528210,186.84,75204,Dallas-Fort Worth-Arlington,2023-01-07
Houston,2281,4,3.0,0.146,1993,31,5.6,52.2,0.0231,390547,171.22,77019,Houston-The Woodlands-Sugar Land,2023-08-06
Fort Worth,2999,3,2.0,0.24,2006,18,5.6,18.2,0.0224,484452,161.54,76109,Dallas-Fort Worth-Arlington,2023-09-06
San Antonio,1768,3,2.0,0.078,1991,33,7.1,14.1,0.0219,246581,139.47,78209,San Antonio-New Braunfels,2023-12-07
Houston,2565,3,3.0,0.451,2001,23,8.3,33.1,0.0225,448772,174.96,77007,Houston-The Woodlands-Sugar Land,2023-07-05
Dallas,2323,4,3.0,0.053,1973,51,7.3,20.9,0.0208,504853,217.33,75201,Dallas-Fort Worth-Arlington,2024-05-19
Dallas,2093,4,2.5,0.095,1962,62,7.7,25.2,0.0215,360320,172.15,75201,Dallas-Fort Worth-Arlington,2023-12-19
Dallas,2061,3,2.5,0.141,2007,17,9.3,6.2,0.0221,483327,234.51,75225,Dallas-Fort Worth-Arlington,2024-06-23
Houston,1607,3,2.0,0.155,1961,63,7.1,11.5,0.0229,260317,161.99,77079,Houston-The Woodlands-Sugar Land,2023-07-20
Houston,1968,3,3.0,0.363,1971,53,5.6,11.5,0.022,325897,165.6,77007,Houston-The Woodlands-Sugar Land,2023-12-23
Fort Worth,2150,3,2.0,0.134,1978,46,8.1,15.2,0.022,327724,152.43,76107,Dallas-Fort Worth-Arlington,2023-07-19
Fort Worth,1668,4,3.5,0.381,1966,58,4.2,15.1,0.0216,333075,199.69,76132,Dallas-Fort Worth-Arlington,2024-01-18
San Antonio,1373,3,2.0,0.152,1971,53,6.1,17.2,0.021,179429,130.68,78250,San Antonio-New Braunfels,2024-02-12
Fort Worth,2903,3,2.0,0.25,2008,16,7.7,29.4,0.0212,565225,194.7,76102,Dallas-Fort Worth-Arlington,2023-06-26
San Antonio,2894,4,4.0,0.127,1967,57,6.1,16.5,0.0207,461204,159.37,78216,San Antonio-New Braunfels,2024-05-27
San Antonio,2869,4,3.5,0.145,2005,19,6.9,14.8,0.0229,482146,168.05,78205,San Antonio-New Braunfels,2024-04-13
San Antonio,2705,4,3.5,0.188,2017,7,6.4,24.7,0.0235,471009,174.13,78205,San Antonio-New Braunfels,2024-05-04
Dallas,2272,4,4.0,0.064,1979,45,8.8,15.3,0.0225,526508,231.74,75204,Dallas-Fort Worth-Arlington,2023-04-30
Houston,1445,5,4.0,0.279,1989,35,6.1,20.7,0.0241,284894,197.16,77024,Houston-The Woodlands-Sugar Land,2024-01-28
Houston,1352,3,2.0,0.214,1981,43,5.4,37.3,0.0235,174027,128.72,77007,Houston-The Woodlands-Sugar Land,2023-02-28
Dallas,1865,4,2.5,0.115,1984,40,6.0,43.7,0.0228,380473,204.01,75204,Dallas-Fort Worth-Arlington,2023-02-27
Houston,2262,5,3.5,0.258,1979,45,7.1,43.9,0.0233,375458,165.98,77007,Houston-The Woodlands-Sugar Land,2024-06-16
Houston,2140,3,3.0,0.385,1975,49,6.4,19.3,0.0238,381453,178.25,77019,Houston-The Woodlands-Sugar Land,2023-03-25
Dallas,2347,3,2.0,0.216,2002,22,7.5,9.5,0.023,369947,157.63,75225,Dallas-Fort Worth-Arlington,2024-04-17
Houston,1761,2,1.0,0.178,1993,31,9.0,38.2,0.0223,247686,140.65,77019,Houston-The Woodlands-Sugar Land,2023-08-24
Houston,1431,4,3.0,0.072,2017,7,6.9,27.4,0.024,247050,172.64,77007,Houston-The Woodlands-Sugar Land,2023-06-16
San Antonio,1743,3,3.0,0.771,2010,14,6.5,22.9,0.022,273826,157.1,78216,San Antonio-New Braunfels,2023-02-10
Fort Worth,1279,3,2.5,0.163,2019,5,8.5,14.7,0.0225,268461,209.9,76109,Dallas-Fort Worth-Arlington,2024-01-05
Austin,1884,5,4.5,0.193,1983,41,9.0,35.1,0.0209,615361,326.62,78701,Austin-Round Rock-Georgetown,2024-01-30
Austin,1400,5,3.5,0.13,1973,51,5.5,10.0,0.022,464523,331.8,78750,Austin-Round Rock-Georgetown,2023-09-13
Houston,2216,5,5.0,0.288,1998,26,7.5,23.8,0.0235,453699,204.74,77079,Houston-The Woodlands-Sugar Land,2024-03-19
San Antonio,1476,3,3.0,0.468,1988,36,7.0,9.9,0.0217,214870,145.58,78230,San Antonio-New Braunfels,2023-06-26
San Antonio,2064,3,2.5,0.119,2005,19,4.0,3.4,0.0224,343929,166.63,78230,San Antonio-New Braunfels,2023-10-29
Austin,3257,3,2.5,0.075,1971,53,6.5,7.7,0.0213,962294,295.45,78745,Austin-Round Rock-Georgetown,2023-06-06
San Antonio,2103,4,3.5,0.239,1962,62,5.2,8.2,0.021,331678,157.72,78216,San Antonio-New Braunfels,2023-11-15
Austin,1716,3,2.0,0.085,2016,8,10.0,10.5,0.0222,618159,360.23,78703,Austin-Round Rock-Georgetown,2023-03-16
Houston,1576,3,3.0,0.251,1985,39,7.2,11.3,0.0236,252755,160.38,77019,Houston-The Woodlands-Sugar Land,2023-09-18
Fort Worth,2198,3,2.5,0.288,2005,19,7.8,28.2,0.0233,388838,176.91,76102,Dallas-Fort Worth-Arlington,2023-10-28
Houston,2205,5,5.0,0.105,1993,31,7.4,19.8,0.0218,450325,204.23,77079,Houston-The Woodlands-Sugar Land,2023-11-01
Austin,2918,5,3.5,0.05,1981,43,7.6,35.1,0.0212,963869,330.32,78703,Austin-Round Rock-Georgetown,2023-09-02
Houston,2640,3,3.0,0.243,1976,48,9.0,11.9,0.0226,420674,159.35,77007,Houston-The Woodlands-Sugar Land,2023-12-19
Dallas,1466,3,2.0,0.129,1976,48,6.6,13.6,0.0215,243198,165.89,75254,Dallas-Fort Worth-Arlington,2023-10-08
Fort Worth,1832,3,2.0,0.257,1982,42,7.3,15.1,0.0217,369863,201.89,76109,Dallas-Fort Worth-Arlington,2023-06-04
Fort Worth,3740,4,3.0,0.124,1980,44,8.3,16.4,0.022,827524,221.26,76109,Dallas-Fort Worth-Arlington,2023-04-28
Austin,1894,4,4.0,0.126,2003,21,9.4,9.2,0.0228,663690,350.42,78702,Austin-Round Rock-Georgetown,2023-12-21
Austin,1646,4,3.0,0.139,1997,27,5.2,12.5,0.021,552624,335.74,78702,Austin-Round Rock-Georgetown,2024-05-28
San Antonio,2213,4,3.5,0.203,1970,54,8.3,10.6,0.0218,325604,147.13,78250,San Antonio-New Braunfels,2024-02-16
Houston,1346,3,2.0,0.505,2011,13,8.0,60.0,0.0229,203618,151.28,77019,Houston-The Woodlands-Sugar Land,2023-12-16
Fort Worth,1340,3,2.0,0.346,2001,23,5.6,23.8,0.022,224990,167.9,76102,Dallas-Fort Worth-Arlington,2024-05-19
Dallas,1629,4,4.0,0.092,1964,60,8.1,4.3,0.0227,302331,185.59,75254,Dallas-Fort Worth-Arlington,2024-05-07
Austin,1623,3,2.0,0.298,1978,46,5.9,11.7,0.021,531125,327.25,78703,Austin-Round Rock-Georgetown,2023-10-05
San Antonio,2219,3,2.0,0.595,1970,54,7.4,10.1,0.0222,313842,141.43,78230,San Antonio-New Braunfels,2023-03-01
Austin,1616,3,3.0,0.414,1963,61,7.6,13.3,0.0216,588710,364.3,78703,Austin-Round Rock-Georgetown,2023-12-13
Houston,2105,3,2.0,0.2,1962,62,6.8,14.9,0.0228,346961,164.83,77024,Houston-The Woodlands-Sugar Land,2023-12-07
Dallas,1573,3,3.0,0.11,2019,5,8.5,18.7,0.0218,273702,174.0,75230,Dallas-Fort Worth-Arlington,2023-06-01
Dallas,1787,2,1.5,0.253,2005,19,8.6,9.8,0.0219,368418,206.17,75254,Dallas-Fort Worth-Arlington,2024-04-09
San Antonio,1494,5,5.0,0.276,1998,26,6.1,9.8,0.0243,275749,184.57,78205,San Antonio-New Braunfels,2024-04-20
Dallas,2215,5,3.5,0.199,1992,32,7.7,26.0,0.0212,428039,193.25,75230,Dallas-Fort Worth-Arlington,2023-07-01
Fort Worth,2030,4,2.5,0.172,1961,63,7.6,53.9,0.0199,401256,197.66,76132,Dallas-Fort Worth-Arlington,2023-09-18
Fort Worth,1846,3,2.5,0.426,1967,57,7.0,19.4,0.0199,317580,172.04,76109,Dallas-Fort Worth-Arlington,2023-04-17
Dallas,2577,4,3.5,0.355,1979,45,6.4,40.0,0.022,503148,195.25,75201,Dallas-Fort Worth-Arlington,2023-04-08
Austin,1957,4,3.5,0.161,1983,41,6.5,31.6,0.0231,647789,331.01,78702,Austin-Round Rock-Georgetown,2023-05-25
San Antonio,1815,4,2.5,0.751,2003,21,5.7,4.9,0.0235,317214,174.77,78205,San Antonio-New Braunfels,2023-07-20
Fort Worth,3257,3,3.0,0.242,1988,36,4.5,20.3,0.0224,536210,164.63,76102,Dallas-Fort Worth-Arlington,2023-05-30
Houston,1989,4,2.5,0.705,1989,35,9.0,22.0,0.0233,327881,164.85,77056,Houston-The Woodlands-Sugar Land,2023-03-24
Dallas,2425,3,3.0,0.238,1972,52,7.8,23.4,0.0236,544372,224.48,75254,Dallas-Fort Worth-Arlington,2023-09-02
Houston,1957,3,3.0,0.16,2016,8,7.1,30.8,0.0232,300895,153.75,77024,Houston-The Woodlands-Sugar Land,2023-12-08
Austin,1653,2,1.5,0.217,1971,53,8.6,22.8,0.0206,435954,263.74,78745,Austin-Round Rock-Georgetown,2023-06-28
Dallas,3188,3,2.5,0.162,1968,56,8.6,32.3,0.0231,599916,188.18,75230,Dallas-Fort Worth-Arlington,2023-10-19
Houston,1616,4,4.0,0.178,1978,46,8.5,16.8,0.0244,332435,205.71,77019,Houston-The Woodlands-Sugar Land,2023-05-29
San Antonio,1479,3,2.5,1.124,1995,29,5.6,32.7,0.0225,184633,124.84,78216,San Antonio-New Braunfels,2024-01-21
San Antonio,1881,3,2.5,0.282,2023,1,7.6,18.0,0.022,281665,149.74,78230,San Antonio-New Braunfels,2023-12-21
San Antonio,1947,2,1.0,0.275,1974,50,4.8,12.1,0.0227,259193,133.12,78209,San Antonio-New Braunfels,2024-06-09
Houston,3099,3,2.0,0.37,1960,64,5.1,27.3,0.0219,446415,144.05,77002,Houston-The Woodlands-Sugar Land,2023-01-30
Houston,5211,3,2.0,0.299,1981,43,6.2,13.6,0.0251,879914,168.86,77024,Houston-The Woodlands-Sugar Land,2024-04-11
San Antonio,2162,3,3.0,0.59,1986,38,6.9,3.4,0.0249,335877,155.35,78250,San Antonio-New Braunfels,2023-07-06
San Antonio,2161,4,3.0,0.366,1971,53,6.0,8.7,0.0228,365748,169.25,78201,San Antonio-New Braunfels,2023-02-06
Dallas,1646,3,2.0,0.137,2021,3,6.7,14.9,0.0219,278034,168.91,75204,Dallas-Fort Worth-Arlington,2024-01-13
Fort Worth,1684,3,2.5,0.469,2019,5,9.2,42.6,0.0227,301745,179.18,76107,Dallas-Fort Worth-Arlington,2023-04-04
Austin,1576,4,3.5,0.295,2019,5,8.8,13.2,0.0223,623841,395.84,78748,Austin-Round Rock-Georgetown,2023-04-07
Fort Worth,2578,3,2.0,0.14,2021,3,6.2,22.7,0.0223,391592,151.9,76109,Dallas-Fort Worth-Arlington,2024-06-19
Austin,1633,4,3.0,0.234,1972,52,7.7,9.8,0.0216,556224,340.61,78704,Austin-Round Rock-Georgetown,2023-05-01
Austin,1472,3,2.5,0.114,1978,46,6.1,6.5,0.0211,395675,268.8,78745,Austin-Round Rock-Georgetown,2023-10-27
Dallas,1801,4,3.0,0.152,2005,19,9.8,22.1,0.0216,390579,216.87,75204,Dallas-Fort Worth-Arlington,2023-04-20
Austin,2161,4,4.0,0.114,1986,38,6.4,14.7,0.0201,689912,319.26,78745,Austin-Round Rock-Georgetown,2023-03-09
Austin,1446,4,2.5,0.228,1995,29,6.2,15.0,0.0203,440465,304.61,78701,Austin-Round Rock-Georgetown,2023-01-01
Austin,3688,3,2.5,1.227,2001,23,7.0,25.1,0.02,1114090,302.09,78701,Austin-Round Rock-Georgetown,2023-01-09
Houston,1401,4,3.5,0.195,1968,56,8.1,16.6,0.0233,264511,188.8,77056,Houston-The Woodlands-Sugar Land,2023-09-17
San Antonio,1249,3,2.0,0.342,2008,16,8.2,14.4,0.0222,174285,139.54,78230,San Antonio-New Braunfels,2023-08-26
Austin,2097,2,1.5,0.17,2010,14,8.8,10.6,0.0207,648955,309.47,78702,Austin-Round Rock-Georgetown,2023-01-22
Dallas,806,2,1.5,0.156,2007,17,8.6,14.4,0.0214,149152,185.05,75205,Dallas-Fort Worth-Arlington,2023-07-11
San Antonio,1631,3,3.0,0.182,2001,23,6.0,9.7,0.0213,242598,148.74,78201,San Antonio-New Braunfels,2023-05-30
Austin,2083,3,3.0,0.285,1962,62,9.3,16.3,0.0221,776780,372.91,78745,Austin-Round Rock-Georgetown,2023-11-09
Austin,1735,4,3.5,0.516,1999,25,10.0,8.8,0.0208,623550,359.39,78748,Austin-Round Rock-Georgetown,2024-06-28
Fort Worth,2858,4,3.0,0.859,1974,50,7.4,25.1,0.0216,552792,193.42,76107,Dallas-Fort Worth-Arlington,2024-01-14
San Antonio,1238,3,3.0,0.06,1961,63,6.1,13.3,0.0222,166309,134.34,78209,San Antonio-New Braunfels,2024-05-17
Dallas,1483,4,4.0,0.15,2016,8,5.5,18.6,0.0217,300110,202.37,75204,Dallas-Fort Worth-Arlington,2023-04-16
San Antonio,1020,3,2.0,0.243,1967,57,5.5,13.2,0.0237,143321,140.51,78209,San Antonio-New Braunfels,2023-04-28
Austin,2666,3,2.5,0.062,1963,61,7.7,12.5,0.0227,771644,289.44,78702,Austin-Round Rock-Georgetown,2024-02-15
Houston,2273,4,3.5,0.216,1998,26,7.8,9.4,0.0214,341832,150.39,77007,Houston-The Woodlands-Sugar Land,2023-06-19
San Antonio,2468,4,3.5,0.156,2011,13,5.8,15.1,0.0239,440025,178.29,78216,San Antonio-New Braunfels,2024-04-09
Houston,2664,3,2.5,0.201,1982,42,6.3,20.6,0.022,411827,154.59,77079,Houston-The Woodlands-Sugar Land,2023-09-11
San Antonio,1394,4,3.5,0.552,1987,37,4.5,41.4,0.0209,176747,126.79,78250,San Antonio-New Braunfels,2023-04-20
Dallas,1660,3,2.5,0.156,1972,52,6.2,9.0,0.0231,331473,199.68,75204,Dallas-Fort Worth-Arlington,2024-04-06
San Antonio,2925,4,2.5,0.111,2023,1,7.1,13.3,0.0219,422146,144.32,78258,San Antonio-New Braunfels,2023-10-29
Dallas,2657,4,3.5,0.123,1995,29,7.4,9.2,0.0219,456946,171.98,75204,Dallas-Fort Worth-Arlington,2024-03-15
Houston,1311,4,3.5,0.079,1973,51,5.3,24.5,0.0248,217946,166.24,77079,Houston-The Woodlands-Sugar Land,2023-09-05
Houston,2592,3,3.0,0.246,1977,47,6.0,31.6,0.0214,430168,165.96,77007,Houston-The Woodlands-Sugar Land,2023-03-11
Houston,2124,3,3.0,0.13,2023,1,8.2,19.8,0.0233,344067,161.99,77024,Houston-The Woodlands-Sugar Land,2024-01-08
San Antonio,1933,2,1.0,0.292,1993,31,6.9,10.2,0.0222,265800,137.51,78205,San Antonio-New Braunfels,2023-03-10
Austin,1783,3,2.5,0.102,1975,49,9.4,7.9,0.0222,607063,340.47,78748,Austin-Round Rock-Georgetown,2023-12-29
Austin,1630,3,3.0,0.124,2022,2,8.7,8.2,0.0216,487701,299.2,78703,Austin-Round Rock-Georgetown,2023-08-16
Austin,1771,3,3.0,0.133,1992,32,6.7,10.1,0.0206,495144,279.58,78750,Austin-Round Rock-Georgetown,2024-03-08
Austin,2629,3,2.0,0.124,1998,26,9.2,9.6,0.023,785480,298.78,78701,Austin-Round Rock-Georgetown,2024-04-20
San Antonio,2267,3,3.0,0.103,1993,31,5.4,28.7,0.0217,336217,148.31,78216,San Antonio-New Braunfels,2023-08-11
Houston,1845,3,2.5,0.162,2023,1,5.7,24.6,0.0231,305674,165.68,77002,Houston-The Woodlands-Sugar Land,2024-04-27
Fort Worth,1709,4,3.5,0.126,2016,8,8.3,18.9,0.0215,355830,208.21,76132,Dallas-Fort Worth-Arlington,2023-03-02
Austin,1856,3,2.5,0.34,1978,46,8.2,6.0,0.0219,564584,304.19,78703,Austin-Round Rock-Georgetown,2023-02-28
Dallas,1538,5,3.0,0.055,2014,10,6.2,19.1,0.0236,344269,223.84,75230,Dallas-Fort Worth-Arlington,2024-06-27
Houston,1629,4,2.5,0.274,1972,52,7.4,14.2,0.0237,264852,162.59,77079,Houston-The Woodlands-Sugar Land,2023-11-11
Houston,2586,4,4.0,0.183,1984,40,8.2,21.5,0.0242,490601,189.71,77024,Houston-The Woodlands-Sugar Land,2023-09-04
Fort Worth,1905,2,1.5,0.311,1989,35,4.2,12.2,0.0232,258277,135.58,76102,Dallas-Fort Worth-Arlington,2023-03-27
Fort Worth,2580,4,4.0,0.071,1979,45,6.3,56.5,0.0209,419102,162.44,76102,Dallas-Fort Worth-Arlington,2023-06-08
Fort Worth,1467,3,2.5,0.161,1963,61,8.7,26.7,0.0209,229255,156.27,76102,Dallas-Fort Worth-Arlington,2024-01-11
Houston,2972,3,2.0,0.08,2021,3,5.5,11.8,0.021,430425,144.83,77079,Houston-The Woodlands-Sugar Land,2024-03-25
Houston,1593,3,3.0,0.199,2023,1,6.6,28.4,0.0228,272124,170.82,77079,Houston-The Woodlands-Sugar Land,2024-05-16
Dallas,2175,4,2.5,0.311,2015,9,5.9,21.7,0.0212,450038,206.91,75205,Dallas-Fort Worth-Arlington,2023-08-12
Houston,1390,3,2.0,0.426,1979,45,7.4,33.7,0.0234,217873,156.74,77079,Houston-The Woodlands-Sugar Land,2023-09-06
San Antonio,1676,2,1.5,0.225,1997,27,6.4,35.5,0.0225,210691,125.71,78205,San Antonio-New Braunfels,2023-03-31
Dallas,2312,4,3.0,0.226,1974,50,7.2,45.2,0.0228,419199,181.31,75230,Dallas-Fort Worth-Arlington,2023-02-15
Dallas,2488,3,3.0,0.131,1996,28,7.4,17.1,0.0221,458244,184.18,75205,Dallas-Fort Worth-Arlington,2023-08-28
San Antonio,2317,3,2.5,0.233,2005,19,6.0,23.7,0.0217,354963,153.2,78205,San Antonio-New Braunfels,2023-11-13
San Antonio,2698,3,3.0,0.175,1970,54,6.6,19.3,0.0219,423851,157.1,78205,San Antonio-New Braunfels,2023-02-27
Austin,2261,4,3.5,0.191,1999,25,6.8,9.2,0.023,878458,388.53,78703,Austin-Round Rock-Georgetown,2023-08-12
Austin,2572,5,3.0,0.251,1991,33,8.5,18.3,0.0222,849392,330.25,78703,Austin-Round Rock-Georgetown,2023-12-17
Dallas,2491,3,2.0,0.149,2010,14,7.8,13.0,0.0207,535907,215.14,75204,Dallas-Fort Worth-Arlington,2024-03-19
Dallas,1746,3,3.0,0.387,1973,51,8.2,16.0,0.0208,338119,193.65,75205,Dallas-Fort Worth-Arlington,2024-05-28
Houston,2491,4,4.0,0.266,1961,63,7.7,21.5,0.0235,404539,162.4,77002,Houston-The Woodlands-Sugar Land,2023-07-06
Houston,4518,4,3.0,0.329,1992,32,6.3,22.1,0.023,711027,157.38,77079,Houston-The Woodlands-Sugar Land,2023-08-03
San Antonio,2224,3,2.5,0.377,1980,44,7.3,6.7,0.0217,366990,165.01,78209,San Antonio-New Braunfels,2024-04-23
San Antonio,6000,3,3.0,0.321,1997,27,5.5,26.3,0.0214,760021,126.67,78201,San Antonio-New Braunfels,2024-01-15
Dallas,1364,4,3.0,0.191,1960,64,7.2,10.3,0.0213,262953,192.78,75225,Dallas-Fort Worth-Arlington,2023-05-30
Houston,1377,3,3.0,0.331,2013,11,7.6,11.5,0.0227,274717,199.5,77079,Houston-The Woodlands-Sugar Land,2024-01-10
Houston,1564,4,2.5,0.451,1960,64,7.2,17.7,0.0231,262025,167.54,77019,Houston-The Woodlands-Sugar Land,2023-03-28
Dallas,1945,5,4.0,0.341,1966,58,5.9,15.5,0.0218,377309,193.99,75254,Dallas-Fort Worth-Arlington,2023-09-03
Houston,1199,4,2.5,0.099,1985,39,7.0,39.3,0.0238,191969,160.11,77024,Houston-The Woodlands-Sugar Land,2023-06-17
Dallas,1151,4,3.5,0.232,2010,14,9.5,11.9,0.0191,241517,209.83,75230,Dallas-Fort Worth-Arlington,2024-06-26
Dallas,2313,4,4.0,0.077,1972,52,6.8,9.7,0.0225,471717,203.94,75204,Dallas-Fort Worth-Arlington,2023-01-20
Austin,1574,3,2.5,0.185,1968,56,8.3,15.3,0.0214,442130,280.9,78701,Austin-Round Rock-Georgetown,2024-04-13
Austin,1526,3,2.5,0.08,1975,49,7.6,14.7,0.0212,502189,329.09,78703,Austin-Round Rock-Georgetown,2023-06-03
Houston,1914,3,3.0,0.693,2014,10,8.5,20.5,0.023,339274,177.26,77079,Houston-The Woodlands-Sugar Land,2023-01-20
Fort Worth,2069,3,2.0,0.265,1991,33,6.9,10.6,0.0219,304971,147.4,76132,Dallas-Fort Worth-Arlington,2023-12-28
Dallas,1679,3,3.0,0.556,1993,31,7.9,37.1,0.0226,354146,210.93,75230,Dallas-Fort Worth-Arlington,2024-01-06
Austin,3316,3,2.0,0.269,1964,60,8.1,15.6,0.0213,941159,283.82,78750,Austin-Round Rock-Georgetown,2023-03-19
Fort Worth,3219,3,2.5,0.32,1971,53,5.1,13.2,0.0211,556772,172.96,76107,Dallas-Fort Worth-Arlington,2023-01-21
Dallas,1791,3,2.5,0.727,2014,10,7.3,23.1,0.0215,336788,188.04,75204,Dallas-Fort Worth-Arlington,2023-03-02
Dallas,3550,4,4.0,0.087,1993,31,6.7,13.1,0.021,760100,214.11,75254,Dallas-Fort Worth-Arlington,2023-08-12
Fort Worth,916,4,2.5,0.104,2008,16,8.8,14.9,0.0216,170403,186.03,76109,Dallas-Fort Worth-Arlington,2023-03-14
Austin,1854,2,1.0,0.282,2023,1,9.4,33.0,0.0217,590247,318.36,78703,Austin-Round Rock-Georgetown,2024-01-20
Houston,2663,2,1.5,0.078,2002,22,7.2,10.2,0.0214,409751,153.87,77007,Houston-The Woodlands-Sugar Land,2023-02-12
Dallas,1431,4,3.0,0.201,2009,15,6.1,28.2,0.0219,296052,206.88,75254,Dallas-Fort Worth-Arlington,2024-03-07
Houston,1466,3,2.5,0.419,1964,60,5.8,16.7,0.022,213981,145.96,77002,Houston-The Woodlands-Sugar Land,2024-04-23
Dallas,1314,3,2.5,0.112,1994,30,7.1,16.1,0.0231,241132,183.51,75201,Dallas-Fort Worth-Arlington,2024-01-28
Houston,1767,3,2.0,0.321,1982,42,6.6,22.6,0.0243,302722,171.32,77056,Houston-The Woodlands-Sugar Land,2024-05-31
Austin,1159,4,2.5,0.136,1980,44,8.5,5.9,0.023,404777,349.25,78701,Austin-Round Rock-Georgetown,2024-05-28
Houston,1619,3,2.5,0.194,1983,41,6.2,11.3,0.0238,284028,175.43,77007,Houston-The Woodlands-Sugar Land,2023-01-26
Houston,2082,3,2.5,0.231,2017,7,5.5,15.9,0.0227,341577,164.06,77079,Houston-The Woodlands-Sugar Land,2023-07-07
Austin,1905,3,2.0,0.268,1964,60,8.1,50.2,0.0211,524598,275.38,78703,Austin-Round Rock-Georgetown,2024-02-20
Austin,4439,3,2.5,0.1,1984,40,9.9,7.8,0.0219,1405119,316.54,78748,Austin-Round Rock-Georgetown,2023-07-05
Fort Worth,1870,4,2.5,0.198,1998,26,5.5,37.4,0.0213,328819,175.84,76107,Dallas-Fort Worth-Arlington,2024-02-08
Houston,2702,3,3.0,0.355,2006,18,6.7,18.7,0.0229,392615,145.31,77002,Houston-The Woodlands-Sugar Land,2024-02-28
Houston,2224,3,2.5,0.257,1985,39,8.1,14.6,0.0245,397616,178.78,77007,Houston-The Woodlands-Sugar Land,2024-06-29
Austin,1670,2,1.5,0.212,2015,9,7.2,25.5,0.0208,430510,257.79,78748,Austin-Round Rock-Georgetown,2023-06-30
Houston,2252,3,2.5,0.423,2008,16,6.9,23.4,0.0232,318588,141.47,77002,Houston-The Woodlands-Sugar Land,2023-07-10
Houston,2361,3,2.5,0.337,1963,61,6.6,36.9,0.0227,363148,153.81,77024,Houston-The Woodlands-Sugar Land,2023-01-14
Dallas,1821,4,3.0,0.484,1993,31,9.6,27.9,0.0235,343762,188.78,75205,Dallas-Fort Worth-Arlington,2023-06-06
Houston,1370,2,1.0,0.208,2000,24,4.8,39.1,0.0252,200945,146.68,77019,Houston-The Woodlands-Sugar Land,2023-06-03
Fort Worth,2742,3,2.0,0.244,1999,25,9.5,16.8,0.0213,548134,199.9,76132,Dallas-Fort Worth-Arlington,2023-09-05
Fort Worth,2815,3,2.0,0.173,2016,8,7.1,34.7,0.021,520605,184.94,76109,Dallas-Fort Worth-Arlington,2023-08-19
Austin,1958,4,4.0,0.17,1984,40,8.8,11.8,0.0197,678930,346.75,78745,Austin-Round Rock-Georgetown,2024-04-13
Austin,1759,2,2.0,0.052,1984,40,7.7,15.8,0.0216,483901,275.1,78703,Austin-Round Rock-Georgetown,2024-02-28
Austin,1851,4,3.0,0.186,2008,16,7.0,16.0,0.0218,604158,326.4,78703,Austin-Round Rock-Georgetown,2024-02-03
Dallas,4134,3,2.5,0.152,1969,55,6.7,11.1,0.0227,736395,178.13,75230,Dallas-Fort Worth-Arlington,2023-01-03
Austin,1602,3,2.5,0.063,1981,43,7.5,21.7,0.0217,536993,335.2,78701,Austin-Round Rock-Georgetown,2023-09-15
San Antonio,2442,2,1.5,0.221,1974,50,6.6,15.9,0.024,314810,128.91,78205,San Antonio-New Braunfels,2024-02-04
San Antonio,1605,3,3.0,0.322,1964,60,7.0,14.6,0.0231,204654,127.51,78230,San Antonio-New Braunfels,2023-05-14
San Antonio,2047,4,3.5,0.257,1974,50,5.8,8.0,0.0238,306953,149.95,78230,San Antonio-New Braunfels,2023-08-21
Dallas,1577,3,2.5,0.263,1986,38,7.2,19.5,0.0222,309695,196.38,75201,Dallas-Fort Worth-Arlington,2024-02-02
Fort Worth,2249,4,4.0,0.143,1960,64,6.8,29.2,0.02,352167,156.59,76132,Dallas-Fort Worth-Arlington,2024-03-10
Austin,2502,4,4.0,0.191,1966,58,7.6,12.3,0.0218,756300,302.28,78704,Austin-Round Rock-Georgetown,2024-04-12
Houston,1506,3,2.0,0.119,1968,56,7.7,17.9,0.0226,241755,160.53,77007,Houston-The Woodlands-Sugar Land,2023-08-24
Houston,2020,2,2.0,0.101,2020,4,6.4,22.7,0.0218,271427,134.37,77056,Houston-The Woodlands-Sugar Land,2023-08-07
Fort Worth,2091,5,4.5,0.418,1981,43,6.2,35.5,0.0218,418287,200.04,76132,Dallas-Fort Worth-Arlington,2023-07-29
Dallas,1877,5,5.0,0.091,1962,62,7.0,21.6,0.0202,414821,221.0,75205,Dallas-Fort Worth-Arlington,2024-01-01
San Antonio,1392,4,2.5,0.366,1984,40,7.8,20.1,0.0234,207275,148.9,78205,San Antonio-New Braunfels,2023-08-18
Austin,4431,3,2.5,0.309,2003,21,9.0,17.9,0.0222,1187025,267.89,78703,Austin-Round Rock-Georgetown,2023-08-07
Fort Worth,3189,3,2.0,0.069,1966,58,7.3,15.1,0.0224,550426,172.6,76109,Dallas-Fort Worth-Arlington,2023-04-03
Dallas,2232,3,2.5,0.162,1977,47,7.8,29.5,0.0222,375349,168.17,75201,Dallas-Fort Worth-Arlington,2023-09-19
Dallas,2065,4,2.5,0.05,1999,25,7.3,28.7,0.0218,394883,191.23,75205,Dallas-Fort Worth-Arlington,2023-05-10
Fort Worth,1827,5,5.0,0.477,1974,50,6.9,12.5,0.0229,337515,184.74,76102,Dallas-Fort Worth-Arlington,2023-10-15
Houston,1777,5,3.0,0.155,1975,49,4.2,16.4,0.0235,314837,177.17,77002,Houston-The Woodlands-Sugar Land,2024-05-01
Houston,4157,5,3.5,0.137,2017,7,8.7,18.3,0.0223,791650,190.44,77019,Houston-The Woodlands-Sugar Land,2024-02-29
Dallas,1373,3,2.5,0.279,1960,64,6.7,9.6,0.0204,262467,191.16,75230,Dallas-Fort Worth-Arlington,2023-09-19
Austin,1941,4,2.5,0.227,1987,37,9.8,9.5,0.0216,721872,371.91,78750,Austin-Round Rock-Georgetown,2024-06-18
Houston,1663,4,3.5,0.107,2008,16,7.0,22.3,0.0236,267377,160.78,77002,Houston-The Woodlands-Sugar Land,2024-06-20
Houston,2106,3,2.5,0.291,1983,41,8.3,12.2,0.0235,339134,161.03,77007,Houston-The Woodlands-Sugar Land,2023-09-01
Austin,2068,5,5.0,0.146,2006,18,9.0,16.2,0.0219,819402,396.23,78703,Austin-Round Rock-Georgetown,2024-02-22
Fort Worth,2235,4,4.0,0.246,2020,4,9.1,21.5,0.0218,470643,210.58,76109,Dallas-Fort Worth-Arlington,2023-07-07
Dallas,1873,3,2.5,0.133,1979,45,7.0,12.1,0.0221,375078,200.26,75254,Dallas-Fort Worth-Arlington,2024-04-25
Houston,1970,5,4.0,0.251,1988,36,5.6,32.4,0.0216,377931,191.84,77056,Houston-The Woodlands-Sugar Land,2023-07-24
Houston,2064,2,2.0,0.183,1961,63,6.1,15.2,0.0229,284582,137.88,77024,Houston-The Woodlands-Sugar Land,2023-05-22
Houston,1203,3,3.0,0.151,1970,54,5.4,32.3,0.0217,183495,152.53,77002,Houston-The Woodlands-Sugar Land,2023-03-15
Dallas,1678,4,3.0,0.124,2005,19,7.2,20.2,0.0212,345793,206.07,75201,Dallas-Fort Worth-Arlington,2024-04-05
Fort Worth,2584,3,3.0,0.132,1968,56,5.7,22.8,0.0213,388452,150.33,76102,Dallas-Fort Worth-Arlington,2023-06-12
Fort Worth,2945,3,2.0,0.097,2006,18,7.7,17.3,0.0233,545470,185.22,76109,Dallas-Fort Worth-Arlington,2024-03-20
Houston,2297,3,3.0,0.109,2021,3,8.4,27.2,0.0222,421145,183.35,77007,Houston-The Woodlands-Sugar Land,2023-02-17
Houston,4113,4,4.0,0.181,1971,53,6.9,10.4,0.023,734405,178.56,77007,Houston-The Woodlands-Sugar Land,2023-10-01
Houston,3602,4,4.0,0.507,2001,23,6.5,20.2,0.0222,601308,166.94,77056,Houston-The Woodlands-Sugar Land,2023-08-23
Dallas,1156,2,1.0,0.193,1975,49,6.3,14.2,0.0215,192344,166.39,75230,Dallas-Fort Worth-Arlington,2023-08-29
Dallas,1706,4,4.0,0.342,1960,64,7.4,13.3,0.0219,301220,176.57,75205,Dallas-Fort Worth-Arlington,2023-04-02
Dallas,1918,3,2.5,0.115,1966,58,6.7,29.6,0.0231,319735,166.7,75254,Dallas-Fort Worth-Arlington,2023-02-10
Dallas,1712,3,2.0,0.196,2005,19,7.3,23.5,0.0214,359920,210.23,75230,Dallas-Fort Worth-Arlington,2023-07-09
Houston,2098,3,3.0,0.49,1979,45,6.3,35.4,0.0224,308079,146.84,77056,Houston-The Woodlands-Sugar Land,2023-09-15
Houston,2559,3,2.0,0.289,1965,59,5.8,21.2,0.0225,392952,153.56,77079,Houston-The Woodlands-Sugar Land,2024-03-10
Houston,3699,3,2.5,0.237,1994,30,6.8,20.3,0.0221,611247,165.25,77007,Houston-The Woodlands-Sugar Land,2023-09-10
Austin,1742,3,3.0,0.191,1998,26,7.8,27.4,0.0197,590048,338.72,78748,Austin-Round Rock-Georgetown,2023-05-15
Austin,1459,3,2.0,0.103,1986,38,9.7,35.4,0.0213,444770,304.85,78750,Austin-Round Rock-Georgetown,2023-05-24
San Antonio,1983,3,3.0,0.293,1998,26,5.6,4.9,0.0221,337667,170.28,78258,San Antonio-New Braunfels,2023-12-01
Houston,1724,3,2.0,0.232,1998,26,6.9,9.3,0.0223,299457,173.7,77024,Houston-The Woodlands-Sugar Land,2023-08-27
Houston,2138,4,2.5,0.872,2000,24,6.3,49.1,0.0231,393907,184.24,77056,Houston-The Woodlands-Sugar Land,2024-05-07
Dallas,1384,3,2.5,0.196,2001,23,8.7,21.8,0.0232,261550,188.98,75254,Dallas-Fort Worth-Arlington,2023-08-29
San Antonio,1523,4,3.5,0.209,2000,24,5.3,29.1,0.0221,251531,165.15,78250,San Antonio-New Braunfels,2023-11-07
Houston,2108,4,4.0,0.143,1970,54,7.2,57.7,0.0233,370088,175.56,77079,Houston-The Woodlands-Sugar Land,2023-02-04
San Antonio,2400,4,3.0,0.325,2009,15,7.4,8.1,0.0227,386349,160.98,78250,San Antonio-New Braunfels,2023-04-17
Fort Worth,1760,4,3.5,0.101,1981,43,8.0,9.8,0.0199,369469,209.93,76107,Dallas-Fort Worth-Arlington,2024-04-10
Dallas,2097,4,3.5,0.078,1993,31,5.8,15.7,0.0207,437874,208.81,75230,Dallas-Fort Worth-Arlington,2023-07-08
Dallas,1740,4,3.5,0.227,1968,56,7.8,15.2,0.0222,371313,213.4,75205,Dallas-Fort Worth-Arlington,2023-08-19
Austin,916,4,2.5,0.252,1977,47,6.6,12.0,0.0204,306135,334.21,78748,Austin-Round Rock-Georgetown,2023-11-19
Fort Worth,1298,3,2.5,0.16,1995,29,5.9,31.5,0.0227,227944,175.61,76132,Dallas-Fort Worth-Arlington,2023-02-01
Houston,2708,4,4.0,0.159,1977,47,7.0,16.9,0.0226,503161,185.81,77079,Houston-The Woodlands-Sugar Land,2023-10-05
Fort Worth,2824,4,4.0,0.153,1974,50,4.8,28.6,0.021,488170,172.86,76109,Dallas-Fort Worth-Arlington,2023-07-09
Dallas,1176,3,2.5,0.139,2007,17,6.7,18.8,0.0232,238860,203.11,75205,Dallas-Fort Worth-Arlington,2023-03-23
Austin,1167,3,3.0,0.17,1992,32,8.1,15.5,0.0208,366083,313.7,78702,Austin-Round Rock-Georgetown,2023-08-17
Austin,2710,4,3.0,0.173,2002,22,6.7,5.9,0.0212,1015393,374.68,78745,Austin-Round Rock-Georgetown,2023-09-02
San Antonio,1927,4,3.0,0.304,1974,50,6.6,11.5,0.0227,299275,155.31,78216,San Antonio-New Braunfels,2023-04-12
Dallas,1455,3,2.5,0.157,1974,50,6.2,16.5,0.0229,242792,166.87,75225,Dallas-Fort Worth-Arlington,2023-10-25
Austin,2260,3,3.0,0.128,2001,23,7.4,30.0,0.0201,710309,314.3,78745,Austin-Round Rock-Georgetown,2024-02-13
San Antonio,3277,3,2.0,0.108,2020,4,5.6,17.3,0.0227,414114,126.37,78250,San Antonio-New Braunfels,2023-05-27
San Antonio,1500,4,4.0,0.77,1965,59,5.4,9.8,0.0214,245654,163.77,78205,San Antonio-New Braunfels,2024-06-12
Dallas,1975,3,2.5,0.112,1969,55,7.6,60.0,0.0226,336648,170.45,75205,Dallas-Fort Worth-Arlington,2023-12-02
Dallas,1638,4,3.5,0.271,1996,28,6.6,33.0,0.022,350750,214.13,75230,Dallas-Fort Worth-Arlington,2024-02-27
Austin,2076,4,3.0,0.101,1968,56,7.9,21.3,0.021,684244,329.6,78748,Austin-Round Rock-Georgetown,2023-02-08
San Antonio,1409,3,2.5,0.114,1960,64,6.2,25.5,0.0212,172699,122.57,78250,San Antonio-New Braunfels,2024-02-24
Houston,2056,3,2.5,0.315,1981,43,7.1,16.4,0.0232,319992,155.64,77056,Houston-The Woodlands-Sugar Land,2023-07-04
Fort Worth,1778,3,3.0,0.401,1960,64,7.1,34.5,0.0224,297528,167.34,76132,Dallas-Fort Worth-Arlington,2024-01-24
Houston,1739,4,3.5,0.199,1966,58,7.0,51.9,0.0235,261179,150.19,77079,Houston-The Woodlands-Sugar Land,2024-03-15
Dallas,1298,3,2.5,0.158,2005,19,7.9,16.4,0.0227,225285,173.56,75225,Dallas-Fort Worth-Arlington,2023-05-17
Houston,3398,4,4.0,0.199,1978,46,6.7,19.5,0.0233,618530,182.03,77007,Houston-The Woodlands-Sugar Land,2023-05-22
Austin,2610,4,4.0,0.503,1970,54,8.2,24.0,0.0219,836022,320.31,78704,Austin-Round Rock-Georgetown,2023-02-02
San Antonio,2058,3,2.5,0.3,1968,56,7.5,15.8,0.0196,335510,163.03,78230,San Antonio-New Braunfels,2023-11-28
Dallas,1829,5,4.5,0.147,1974,50,6.5,12.5,0.0213,425101,232.42,75201,Dallas-Fort Worth-Arlington,2024-02-28
Dallas,3677,4,2.5,0.144,2022,2,7.3,22.3,0.0213,734372,199.72,75230,Dallas-Fort Worth-Arlington,2023-08-13
Fort Worth,2558,3,3.0,0.114,2016,8,6.6,9.7,0.0219,478967,187.24,76109,Dallas-Fort Worth-Arlington,2023-03-30
Fort Worth,1825,3,2.5,0.273,1971,53,5.6,17.6,0.0222,340934,186.81,76132,Dallas-Fort Worth-Arlington,2023-06-23
San Antonio,1797,4,2.5,0.208,1971,53,7.9,29.2,0.0239,274401,152.7,78205,San Antonio-New Braunfels,2023-08-09
Houston,4263,4,2.5,0.371,2014,10,8.4,18.7,0.0238,856383,200.89,77079,Houston-The Woodlands-Sugar Land,2024-05-16
Dallas,1443,3,2.0,0.162,1967,57,6.2,16.1,0.0249,295831,205.01,75205,Dallas-Fort Worth-Arlington,2023-03-09
Fort Worth,1285,4,3.5,0.191,2021,3,7.2,23.0,0.0205,230423,179.32,76109,Dallas-Fort Worth-Arlington,2023-07-07
Houston,2211,3,2.0,0.145,1978,46,6.7,34.3,0.0229,375849,169.99,77024,Houston-The Woodlands-Sugar Land,2023-12-16
Austin,1542,4,4.0,0.256,1995,29,7.2,36.7,0.0198,562923,365.06,78745,Austin-Round Rock-Georgetown,2023-05-10
San Antonio,2003,2,2.0,0.391,1964,60,5.6,21.6,0.0244,234157,116.9,78258,San Antonio-New Braunfels,2024-04-28
Dallas,3776,3,2.5,0.105,1980,44,6.9,6.8,0.0216,713872,189.06,75204,Dallas-Fort Worth-Arlington,2024-05-12
Dallas,1448,4,3.0,0.123,1992,32,6.8,21.5,0.0221,276500,190.95,75230,Dallas-Fort Worth-Arlington,2023-07-27
Fort Worth,2056,3,2.5,0.197,1975,49,7.7,26.6,0.0216,372023,180.95,76132,Dallas-Fort Worth-Arlington,2024-02-13
Dallas,1490,4,2.5,0.442,1969,55,7.4,15.7,0.0235,292519,196.32,75204,Dallas-Fort Worth-Arlington,2024-02-18
Houston,4105,2,2.0,0.212,1983,41,6.5,14.7,0.0256,625157,152.29,77007,Houston-The Woodlands-Sugar Land,2024-01-08
Houston,2413,4,4.0,0.208,1991,33,6.1,36.7,0.0213,372741,154.47,77019,Houston-The Woodlands-Sugar Land,2023-04-13
Houston,1949,4,2.5,0.3,2018,6,6.8,42.1,0.0214,343885,176.44,77056,Houston-The Woodlands-Sugar Land,2023-01-28
Austin,1789,3,2.0,0.183,2011,13,8.0,8.5,0.0202,542074,303.0,78750,Austin-Round Rock-Georgetown,2023-07-09
San Antonio,2027,4,4.0,0.075,2010,14,6.1,26.7,0.0232,313917,154.87,78250,San Antonio-New Braunfels,2023-03-13
San Antonio,2097,3,3.0,0.809,1998,26,6.7,58.4,0.0218,253978,121.11,78250,San Antonio-New Braunfels,2023-06-09
Houston,1697,3,2.5,0.198,1973,51,5.8,14.0,0.0241,284487,167.64,77019,Houston-The Woodlands-Sugar Land,2023-12-16
Houston,1815,3,2.0,0.657,1990,34,7.6,22.7,0.0249,338925,186.74,77024,Houston-The Woodlands-Sugar Land,2023-11-19
Fort Worth,1958,2,2.0,0.197,2004,20,5.2,9.5,0.0201,341470,174.4,76102,Dallas-Fort Worth-Arlington,2023-04-25
Austin,1189,3,3.0,0.51,2006,18,7.7,6.4,0.0228,438560,368.85,78704,Austin-Round Rock-Georgetown,2023-01-10
Dallas,1523,3,2.0,0.167,2013,11,7.3,15.1,0.0202,282515,185.5,75204,Dallas-Fort Worth-Arlington,2023-05-04
Dallas,2469,3,2.0,0.103,1995,29,6.5,36.4,0.0209,465427,188.51,75201,Dallas-Fort Worth-Arlington,2023-09-06
San Antonio,1977,4,3.5,0.189,2012,12,6.5,12.3,0.0228,330247,167.04,78250,San Antonio-New Braunfels,2024-03-02
Austin,3646,2,2.0,0.362,2015,9,7.9,38.3,0.023,974471,267.27,78748,Austin-Round Rock-Georgetown,2023-07-19
Dallas,2483,3,3.0,0.27,2000,24,8.5,28.2,0.0221,595272,239.74,75225,Dallas-Fort Worth-Arlington,2023-06-06
Houston,1882,3,2.5,0.567,2004,20,6.7,23.8,0.0225,295233,156.87,77002,Houston-The Woodlands-Sugar Land,2023-10-29
Dallas,1579,4,2.5,0.234,1984,40,7.6,14.5,0.0205,282775,179.08,75201,Dallas-Fort Worth-Arlington,2023-02-09
Austin,4710,4,3.0,0.12,1981,43,8.1,9.3,0.0202,1507269,320.01,78701,Austin-Round Rock-Georgetown,2023-05-04
Dallas,2977,3,2.5,0.149,2013,11,8.1,13.5,0.0221,623106,209.31,75230,Dallas-Fort Worth-Arlington,2023-01-20
Dallas,2248,3,3.0,0.129,2019,5,5.8,8.2,0.0219,476790,212.1,75204,Dallas-Fort Worth-Arlington,2023-10-15
Houston,1387,4,3.0,0.078,2011,13,6.5,50.1,0.0236,193273,139.35,77007,Houston-The Woodlands-Sugar Land,2023-08-31
Austin,2314,3,2.5,0.119,2012,12,8.0,10.7,0.0215,710885,307.21,78750,Austin-Round Rock-Georgetown,2023-11-15
Houston,1963,5,3.0,0.26,1969,55,4.9,36.1,0.0228,324421,165.27,77079,Houston-The Woodlands-Sugar Land,2023-12-04
Houston,2641,4,3.0,0.196,2012,12,8.0,23.4,0.0235,488799,185.08,77056,Houston-The Woodlands-Sugar Land,2023-08-05
Austin,2756,4,2.5,0.123,1969,55,8.0,9.6,0.0204,741485,269.04,78703,Austin-Round Rock-Georgetown,2024-04-20
Fort Worth,1243,5,3.0,0.733,1970,54,7.5,19.5,0.0203,244293,196.53,76109,Dallas-Fort Worth-Arlington,2024-05-17
Houston,3704,3,3.0,0.117,2021,3,5.7,14.4,0.0243,692513,186.96,77007,Houston-The Woodlands-Sugar Land,2023-03-02
San Antonio,2068,3,3.0,0.13,1966,58,6.6,20.2,0.0216,276454,133.68,78258,San Antonio-New Braunfels,2024-05-18
Fort Worth,1598,3,3.0,0.547,1992,32,9.3,21.2,0.0215,287233,179.75,76102,Dallas-Fort Worth-Arlington,2023-04-18
Austin,1900,3,3.0,0.231,1976,48,7.6,12.7,0.0213,578673,304.56,78748,Austin-Round Rock-Georgetown,2023-05-16
Dallas,1751,4,4.0,0.463,1982,42,7.4,24.4,0.0227,349630,199.67,75225,Dallas-Fort Worth-Arlington,2023-10-17
Fort Worth,1504,4,3.5,0.356,1993,31,6.3,27.1,0.0194,270069,179.57,76132,Dallas-Fort Worth-Arlington,2023-01-17
Dallas,2838,4,4.0,0.121,1995,29,3.6,10.9,0.0231,538993,189.92,75205,Dallas-Fort Worth-Arlington,2023-07-19
Houston,1826,4,4.0,0.478,1973,51,7.5,11.5,0.0224,331776,181.7,77002,Houston-The Woodlands-Sugar Land,2023-04-17
Houston,1466,5,3.0,0.33,1970,54,7.5,34.1,0.0214,257720,175.8,77056,Houston-The Woodlands-Sugar Land,2023-09-21
Austin,1752,4,3.5,0.121,1960,64,4.5,25.0,0.0218,452759,258.42,78745,Austin-Round Rock-Georgetown,2024-03-21
Dallas,2305,2,2.0,0.114,2017,7,7.8,12.1,0.0209,474324,205.78,75205,Dallas-Fort Worth-Arlington,2024-05-20
Fort Worth,1876,4,4.0,0.157,1987,37,6.4,23.3,0.0203,359666,191.72,76107,Dallas-Fort Worth-Arlington,2023-04-27
Fort Worth,1578,4,4.0,0.3,2020,4,5.1,19.0,0.0206,300786,190.61,76107,Dallas-Fort Worth-Arlington,2023-10-26
Austin,948,3,2.0,0.225,2022,2,7.7,8.9,0.0204,307351,324.21,78704,Austin-Round Rock-Georgetown,2023-09-17
San Antonio,1758,3,2.0,0.242,1960,64,4.8,13.4,0.0227,224108,127.48,78205,San Antonio-New Braunfels,2023-08-16
Houston,1815,4,4.0,0.255,2021,3,8.2,30.0,0.0241,322533,177.7,77007,Houston-The Woodlands-Sugar Land,2023-12-13
Fort Worth,1860,3,3.0,0.376,1996,28,7.2,31.0,0.0212,350849,188.63,76107,Dallas-Fort Worth-Arlington,2024-06-25
Austin,2576,3,2.5,0.276,2008,16,7.0,15.5,0.0218,714230,277.26,78701,Austin-Round Rock-Georgetown,2023-08-10
Fort Worth,2282,3,2.0,0.24,2018,6,6.1,20.8,0.0219,365716,160.26,76132,Dallas-Fort Worth-Arlington,2023-02-05
San Antonio,2312,3,2.0,0.219,1991,33,5.1,9.8,0.0236,308390,133.39,78205,San Antonio-New Braunfels,2024-05-16
Austin,1262,2,2.0,0.266,1970,54,9.2,16.1,0.0239,317410,251.51,78702,Austin-Round Rock-Georgetown,2024-05-24
Austin,1486,4,3.5,0.529,2006,18,9.6,9.4,0.0208,510355,343.44,78702,Austin-Round Rock-Georgetown,2023-06-26
San Antonio,1541,2,1.5,0.219,1970,54,7.4,7.0,0.0226,187975,121.98,78258,San Antonio-New Braunfels,2023-10-02
Austin,1739,3,2.0,0.206,2003,21,8.4,12.5,0.0219,509320,292.88,78704,Austin-Round Rock-Georgetown,2024-04-16
Dallas,2453,4,4.0,0.112,1973,51,6.9,45.9,0.0219,434767,177.24,75204,Dallas-Fort Worth-Arlington,2023-10-03
Fort Worth,2608,2,1.0,0.163,2002,22,8.5,14.9,0.0232,392851,150.63,76107,Dallas-Fort Worth-Arlington,2023-09-21
Dallas,1831,4,3.5,0.703,2009,15,6.9,20.5,0.0239,345114,188.48,75201,Dallas-Fort Worth-Arlington,2024-05-19
Houston,1284,4,3.0,0.089,1964,60,7.5,28.6,0.025,231616,180.39,77007,Houston-The Woodlands-Sugar Land,2024-03-29
Houston,2342,3,2.0,0.178,2007,17,5.4,16.5,0.023,368864,157.5,77007,Houston-The Woodlands-Sugar Land,2023-10-05
Austin,1001,3,2.5,0.25,1984,40,10.0,15.4,0.0206,277287,277.01,78748,Austin-Round Rock-Georgetown,2023-03-30
Fort Worth,2433,3,2.0,0.541,1971,53,5.1,26.4,0.0231,418549,172.03,76102,Dallas-Fort Worth-Arlington,2023-08-28
Houston,1119,3,2.5,0.32,1981,43,7.3,5.7,0.0227,196862,175.93,77019,Houston-The Woodlands-Sugar Land,2024-01-06
Houston,2195,4,2.5,0.188,1985,39,5.5,21.8,0.0231,371999,169.48,77056,Houston-The Woodlands-Sugar Land,2023-05-30
Houston,2588,4,2.5,0.187,1983,41,5.1,27.9,0.0231,424683,164.1,77079,Houston-The Woodlands-Sugar Land,2023-10-21
Fort Worth,1354,3,2.0,0.197,1963,61,5.9,34.3,0.0207,250514,185.02,76109,Dallas-Fort Worth-Arlington,2023-12-27
Austin,1580,3,3.0,0.465,2001,23,7.2,14.1,0.0223,530137,335.53,78702,Austin-Round Rock-Georgetown,2023-02-16
Fort Worth,2754,4,3.5,0.495,2008,16,6.2,26.6,0.0216,528142,191.77,76107,Dallas-Fort Worth-Arlington,2023-11-08
San Antonio,2000,4,2.5,0.255,1982,42,6.4,35.1,0.0235,290188,145.09,78205,San Antonio-New Braunfels,2024-02-08
San Antonio,1550,3,2.0,0.128,1999,25,6.6,19.2,0.0222,200343,129.25,78230,San Antonio-New Braunfels,2023-04-28
Fort Worth,1564,3,2.5,0.519,1996,28,7.0,15.4,0.0219,293578,187.71,76107,Dallas-Fort Worth-Arlington,2023-10-27
San Antonio,1758,4,3.0,0.473,1983,41,6.5,15.6,0.0218,243360,138.43,78230,San Antonio-New Braunfels,2024-01-24
Fort Worth,1200,3,2.0,0.131,1986,38,5.1,12.7,0.0214,191413,159.51,76109,Dallas-Fort Worth-Arlington,2023-01-25
Austin,1827,3,2.5,0.6,2007,17,6.2,9.1,0.0222,550429,301.27,78750,Austin-Round Rock-Georgetown,2023-12-19
San Antonio,2524,4,2.5,0.437,1996,28,7.8,13.0,0.0224,389620,154.37,78209,San Antonio-New Braunfels,2023-05-23
Dallas,1273,5,4.0,0.146,1970,54,8.8,13.1,0.0202,316068,248.29,75254,Dallas-Fort Worth-Arlington,2023-08-06
Dallas,1362,3,3.0,0.227,1969,55,8.2,24.1,0.0225,247332,181.59,75205,Dallas-Fort Worth-Arlington,2023-12-21
Fort Worth,2162,5,4.5,0.101,2014,10,6.6,10.3,0.0211,460402,212.95,76109,Dallas-Fort Worth-Arlington,2023-01-03
Fort Worth,1689,4,3.0,0.177,1987,37,6.8,36.8,0.0227,273701,162.05,76109,Dallas-Fort Worth-Arlington,2023-01-10
San Antonio,1589,4,3.0,0.125,1994,30,7.4,10.2,0.0238,263537,165.85,78250,San Antonio-New Braunfels,2023-09-02
Dallas,1424,3,3.0,0.198,2002,22,7.0,10.2,0.0206,298777,209.82,75205,Dallas-Fort Worth-Arlington,2024-06-03
Houston,2288,3,3.0,0.161,1962,62,7.0,60.0,0.0242,329969,144.22,77056,Houston-The Woodlands-Sugar Land,2023-01-04
Houston,1794,4,4.0,0.375,1999,25,6.1,10.8,0.0218,335547,187.04,77019,Houston-The Woodlands-Sugar Land,2024-03-07
Houston,2044,5,5.0,0.418,1985,39,7.2,33.3,0.0209,351609,172.02,77019,Houston-The Woodlands-Sugar Land,2023-02-11
Houston,1882,2,1.5,0.212,2023,1,6.1,8.3,0.0239,273237,145.18,77019,Houston-The Woodlands-Sugar Land,2023-09-25
Austin,4615,2,1.0,0.282,1999,25,6.9,15.7,0.0223,1242230,269.17,78745,Austin-Round Rock-Georgetown,2023-08-24
Austin,2443,5,5.0,0.178,1966,58,6.7,13.5,0.0217,741638,303.58,78745,Austin-Round Rock-Georgetown,2023-09-14
San Antonio,2051,3,2.0,0.192,2007,17,6.1,42.0,0.0227,293574,143.14,78201,San Antonio-New Braunfels,2023-02-14
Houston,2027,2,2.0,0.158,1989,35,6.4,13.0,0.0231,328392,162.01,77056,Houston-The Woodlands-Sugar Land,2024-02-17
Fort Worth,2619,5,3.5,0.069,1990,34,5.6,8.1,0.0224,484527,185.0,76132,Dallas-Fort Worth-Arlington,2023-05-31
Dallas,1727,4,3.5,0.074,1979,45,5.7,18.0,0.0232,343533,198.92,75201,Dallas-Fort Worth-Arlington,2024-02-26
Austin,1498,3,2.0,0.116,1972,52,6.7,5.9,0.0201,411442,274.66,78750,Austin-Round Rock-Georgetown,2023-12-25
Austin,1768,3,2.0,0.155,1969,55,10.0,6.0,0.0217,574276,324.82,78745,Austin-Round Rock-Georgetown,2023-10-29
Houston,1541,3,2.0,0.248,1980,44,8.5,7.4,0.0222,285409,185.21,77002,Houston-The Woodlands-Sugar Land,2023-06-18
Fort Worth,2603,3,2.5,0.074,1982,42,8.0,34.1,0.0211,538265,206.79,76107,Dallas-Fort Worth-Arlington,2023-12-23
Houston,2227,3,2.0,0.152,2009,15,8.2,28.9,0.0224,405599,182.13,77079,Houston-The Woodlands-Sugar Land,2024-06-29
Dallas,2651,5,4.0,0.245,1984,40,6.8,15.2,0.022,538717,203.21,75204,Dallas-Fort Worth-Arlington,2024-05-19
Fort Worth,1013,3,2.0,0.129,1975,49,4.9,8.8,0.0222,161775,159.7,76132,Dallas-Fort Worth-Arlington,2024-05-16
Fort Worth,1832,4,3.0,0.293,1986,38,6.9,30.2,0.0228,325981,177.94,76107,Dallas-Fort Worth-Arlington,2023-05-01
Houston,1204,5,3.0,0.147,2000,24,5.5,22.8,0.0254,202117,167.87,77007,Houston-The Woodlands-Sugar Land,2023-11-17
Austin,1898,4,3.5,0.304,1988,36,9.1,27.6,0.0211,623122,328.3,78703,Austin-Round Rock-Georgetown,2023-08-06
Austin,3173,3,2.0,0.236,2015,9,7.4,21.9,0.0219,828143,261.0,78704,Austin-Round Rock-Georgetown,2024-06-12
Austin,2059,3,2.5,0.254,1980,44,9.9,17.2,0.0215,720434,349.9,78745,Austin-Round Rock-Georgetown,2024-06-03
Houston,4115,5,5.0,0.303,1985,39,7.1,22.2,0.0252,749208,182.07,77079,Houston-The Woodlands-Sugar Land,2024-04-19
Dallas,2828,3,2.0,0.161,1998,26,6.5,24.0,0.0221,478426,169.17,75204,Dallas-Fort Worth-Arlington,2023-03-31
Fort Worth,3078,3,2.5,0.27,1975,49,7.0,28.4,0.0212,524319,170.34,76132,Dallas-Fort Worth-Arlington,2023-06-24
Dallas,1897,3,2.5,0.138,2000,24,6.9,21.6,0.0233,337759,178.05,75225,Dallas-Fort Worth-Arlington,2024-01-25
Dallas,1807,3,2.0,0.126,1995,29,7.0,24.1,0.0223,307100,169.95,75201,Dallas-Fort Worth-Arlington,2024-02-15
Houston,3096,2,2.0,0.488,2005,19,7.2,20.3,0.0234,476384,153.87,77079,Houston-The Woodlands-Sugar Land,2023-07-11
San Antonio,2296,3,2.0,0.069,2011,13,7.1,13.3,0.0233,347753,151.46,78209,San Antonio-New Braunfels,2023-03-16
Dallas,1801,3,2.5,0.199,2002,22,7.0,41.8,0.0213,321990,178.78,75225,Dallas-Fort Worth-Arlington,2023-03-16
Fort Worth,1366,4,3.0,0.176,2010,14,6.4,20.6,0.0205,209442,153.33,76109,Dallas-Fort Worth-Arlington,2024-01-10
Fort Worth,2271,4,3.5,0.596,2007,17,6.8,38.3,0.0218,479637,211.2,76102,Dallas-Fort Worth-Arlington,2023-09-06
Houston,1831,3,2.5,0.652,1977,47,7.4,17.0,0.0233,322323,176.04,77007,Houston-The Woodlands-Sugar Land,2023-09-26
Austin,1851,4,2.5,0.328,1988,36,9.0,9.9,0.0211,681107,367.97,78745,Austin-Round Rock-Georgetown,2024-03-22
Houston,2193,4,2.5,0.347,1982,42,7.1,21.3,0.0234,357071,162.82,77007,Houston-The Woodlands-Sugar Land,2023-01-10
Houston,1758,3,2.0,0.866,2009,15,7.9,13.6,0.025,287774,163.69,77002,Houston-The Woodlands-Sugar Land,2024-02-17
Fort Worth,1997,3,2.5,0.203,2023,1,6.3,22.2,0.0222,349280,174.9,76102,Dallas-Fort Worth-Arlington,2023-05-31
Houston,2023,3,2.0,0.24,1970,54,7.0,55.1,0.0232,281009,138.91,77056,Houston-The Woodlands-Sugar Land,2024-05-24
San Antonio,1099,4,3.5,0.219,2001,23,5.8,19.1,0.0219,157032,142.89,78205,San Antonio-New Braunfels,2024-06-06
Dallas,2403,3,2.5,0.208,2003,21,4.9,8.6,0.0214,493226,205.25,75201,Dallas-Fort Worth-Arlington,2023-10-02
Houston,1662,5,4.5,0.239,2008,16,5.9,59.4,0.0227,295296,177.68,77024,Houston-The Woodlands-Sugar Land,2023-06-22
Houston,1861,3,2.0,0.635,2005,19,5.9,38.1,0.0235,306720,164.81,77002,Houston-The Woodlands-Sugar Land,2023-05-08
Dallas,1945,3,2.5,0.319,2014,10,9.1,19.9,0.0219,321547,165.32,75225,Dallas-Fort Worth-Arlington,2023-04-10
Dallas,1233,3,2.0,0.293,1963,61,5.6,14.0,0.0215,241146,195.58,75225,Dallas-Fort Worth-Arlington,2024-06-30
Houston,1749,4,4.0,0.402,2017,7,7.8,21.6,0.0213,322760,184.54,77024,Houston-The Woodlands-Sugar Land,2023-04-13
Houston,2087,3,2.0,0.464,2019,5,6.8,13.9,0.0225,397083,190.26,77019,Houston-The Woodlands-Sugar Land,2023-09-02
San Antonio,2380,4,2.5,0.155,1974,50,5.7,17.5,0.0223,329750,138.55,78250,San Antonio-New Braunfels,2023-09-20
Austin,1703,4,2.5,0.351,1976,48,6.3,16.6,0.0229,519596,305.11,78745,Austin-Round Rock-Georgetown,2024-01-07
Fort Worth,1689,4,3.0,0.231,2022,2,5.8,7.9,0.0216,290673,172.1,76107,Dallas-Fort Worth-Arlington,2024-04-05
Houston,2092,3,3.0,0.248,1983,41,8.0,26.9,0.0226,291925,139.54,77002,Houston-The Woodlands-Sugar Land,2023-11-02
Austin,3095,3,3.0,0.248,2005,19,6.9,16.4,0.0236,1089678,352.08,78702,Austin-Round Rock-Georgetown,2024-02-19
Dallas,1714,5,3.5,0.163,2000,24,8.6,26.1,0.0203,399978,233.36,75201,Dallas-Fort Worth-Arlington,2023-11-06
Dallas,1895,3,2.5,0.37,1978,46,8.4,12.4,0.0219,363136,191.63,75201,Dallas-Fort Worth-Arlington,2023-08-27
Dallas,1207,3,3.0,0.064,2006,18,7.2,17.5,0.0223,221399,183.43,75204,Dallas-Fort Worth-Arlington,2023-03-28
Houston,1369,3,2.5,0.13,2003,21,6.2,60.0,0.0223,208298,152.15,77007,Houston-The Woodlands-Sugar Land,2023-04-25
Fort Worth,2724,4,3.5,0.153,2015,9,7.4,52.5,0.021,479835,176.15,76102,Dallas-Fort Worth-Arlington,2023-08-25
Dallas,2268,3,2.5,0.108,2013,11,6.6,20.0,0.0233,428690,189.02,75204,Dallas-Fort Worth-Arlington,2023-01-26
Dallas,1986,3,3.0,0.197,1966,58,8.5,18.3,0.0221,344196,173.31,75225,Dallas-Fort Worth-Arlington,2023-06-23
Houston,1101,5,4.0,0.265,2008,16,5.3,14.0,0.0241,232754,211.4,77007,Houston-The Woodlands-Sugar Land,2023-09-11
Austin,1576,3,2.0,0.167,1985,39,10.0,11.2,0.0227,521600,330.96,78702,Austin-Round Rock-Georgetown,2023-09-16
Dallas,1989,4,3.0,0.17,1981,43,8.9,33.6,0.0232,280437,140.99,75201,Dallas-Fort Worth-Arlington,2024-03-21
Houston,2396,2,1.5,0.337,1984,40,7.1,30.9,0.0227,386473,161.3,77002,Houston-The Woodlands-Sugar Land,2024-06-13
Dallas,2526,4,3.5,0.36,2023,1,8.4,17.0,0.023,575631,227.88,75201,Dallas-Fort Worth-Arlington,2024-02-04
Austin,3376,5,3.5,0.729,1988,36,5.6,19.3,0.0208,1307953,387.43,78704,Austin-Round Rock-Georgetown,2023-02-13
Fort Worth,2136,4,3.0,0.152,1977,47,6.6,17.0,0.021,398579,186.6,76109,Dallas-Fort Worth-Arlington,2023-08-12
Dallas,2249,3,2.0,0.217,1997,27,7.8,25.9,0.0226,479352,213.14,75230,Dallas-Fort Worth-Arlington,2024-02-04
Fort Worth,2670,4,3.5,0.081,1990,34,4.4,19.9,0.0223,470563,176.24,76109,Dallas-Fort Worth-Arlington,2023-11-22
Dallas,2470,4,2.5,0.13,2010,14,7.0,27.4,0.0215,483599,195.79,75225,Dallas-Fort Worth-Arlington,2023-09-08
Austin,2254,3,2.5,0.104,1988,36,6.7,16.3,0.0219,628450,278.82,78750,Austin-Round Rock-Georgetown,2023-08-27
San Antonio,2918,4,4.0,0.571,2020,4,3.6,27.4,0.0216,471537,161.6,78205,San Antonio-New Braunfels,2023-08-11
Dallas,1498,4,2.5,0.158,1994,30,9.4,17.1,0.0241,309936,206.9,75230,Dallas-Fort Worth-Arlington,2023-11-13
San Antonio,3050,3,3.0,0.17,1995,29,8.3,17.6,0.0204,415806,136.33,78258,San Antonio-New Braunfels,2023-04-08
Houston,1549,3,2.0,0.195,2018,6,6.1,31.5,0.0219,249767,161.24,77024,Houston-The Woodlands-Sugar Land,2023-10-11
Dallas,2236,4,3.5,0.191,2017,7,7.8,9.2,0.0226,539565,241.31,75254,Dallas-Fort Worth-Arlington,2023-04-23
San Antonio,2147,4,4.0,0.121,2015,9,6.4,25.0,0.0226,309626,144.21,78201,San Antonio-New Braunfels,2024-01-08
Dallas,2557,3,2.0,0.143,2010,14,6.7,19.6,0.0213,503507,196.91,75254,Dallas-Fort Worth-Arlington,2024-04-18
Houston,2136,4,4.0,0.265,2007,17,7.6,44.7,0.0244,395076,184.96,77024,Houston-The Woodlands-Sugar Land,2023-10-05
Dallas,1826,5,4.5,0.347,1960,64,7.6,3.2,0.0229,454216,248.75,75204,Dallas-Fort Worth-Arlington,2023-08-01
Dallas,1827,3,2.0,0.119,1972,52,8.7,9.6,0.0219,351257,192.26,75201,Dallas-Fort Worth-Arlington,2024-05-29
Fort Worth,1545,2,1.5,0.495,2012,12,7.9,8.6,0.0205,267728,173.29,76109,Dallas-Fort Worth-Arlington,2023-12-27
Houston,2078,3,2.0,0.561,2007,17,9.1,23.2,0.0235,379903,182.82,77019,Houston-The Woodlands-Sugar Land,2023-08-23
Houston,2134,3,3.0,0.163,1986,38,5.7,48.1,0.0238,306438,143.6,77007,Houston-The Woodlands-Sugar Land,2023-01-16
San Antonio,1504,4,4.0,0.545,2013,11,6.4,20.7,0.0228,231857,154.16,78209,San Antonio-New Braunfels,2023-01-09
Dallas,1915,5,3.5,0.284,1985,39,8.4,25.1,0.0219,477755,249.48,75254,Dallas-Fort Worth-Arlington,2023-05-02
San Antonio,2548,3,3.0,0.217,2007,17,7.0,23.6,0.0214,341948,134.2,78209,San Antonio-New Braunfels,2023-05-10
Houston,1422,4,3.0,0.099,1986,38,7.0,21.0,0.0242,281926,198.26,77002,Houston-The Woodlands-Sugar Land,2024-01-30
Houston,2408,5,4.5,0.235,2002,22,6.5,14.3,0.0225,458535,190.42,77007,Houston-The Woodlands-Sugar Land,2023-10-01
San Antonio,2481,3,3.0,0.351,1983,41,7.0,13.7,0.0215,350738,141.37,78205,San Antonio-New Braunfels,2024-06-30
Austin,1540,4,3.0,0.471,2006,18,8.5,11.6,0.0219,453725,294.63,78745,Austin-Round Rock-Georgetown,2023-10-23
Houston,2285,3,3.0,0.081,2000,24,6.3,41.7,0.0233,316149,138.36,77056,Houston-The Woodlands-Sugar Land,2024-05-09
Dallas,4069,2,1.5,0.097,1962,62,6.0,14.4,0.0226,747004,183.58,75254,Dallas-Fort Worth-Arlington,2023-10-30
San Antonio,1736,4,3.5,0.317,1979,45,6.8,18.4,0.0224,271392,156.33,78230,San Antonio-New Braunfels,2023-07-15
Fort Worth,1874,5,3.0,0.261,2015,9,7.0,22.7,0.0211,396284,211.46,76132,Dallas-Fort Worth-Arlington,2024-01-26
Houston,2397,3,2.5,0.237,2021,3,5.6,26.2,0.0232,410262,171.16,77019,Houston-The Woodlands-Sugar Land,2023-09-03
Austin,2438,3,2.5,0.18,2009,15,8.5,17.8,0.0218,771178,316.32,78745,Austin-Round Rock-Georgetown,2023-05-31
Fort Worth,2670,5,4.5,0.37,1967,57,5.6,21.9,0.0226,505624,189.37,76102,Dallas-Fort Worth-Arlington,2023-09-16
Austin,1213,3,3.0,0.063,1987,37,6.4,18.3,0.0213,344550,284.05,78704,Austin-Round Rock-Georgetown,2023-12-30
Houston,1810,3,3.0,0.144,1963,61,6.2,26.2,0.0227,263807,145.75,77024,Houston-The Woodlands-Sugar Land,2023-07-25
Houston,1156,4,3.5,0.172,1968,56,5.6,22.1,0.0235,192380,166.42,77002,Houston-The Woodlands-Sugar Land,2024-01-21
Dallas,3269,5,3.5,0.28,2016,8,7.3,18.4,0.0233,687626,210.35,75225,Dallas-Fort Worth-Arlington,2024-06-20
Fort Worth,1993,2,2.0,0.188,2009,15,5.0,6.4,0.0239,329658,165.41,76109,Dallas-Fort Worth-Arlington,2023-08-13
San Antonio,1636,5,4.5,0.192,1996,28,5.4,7.9,0.0204,242045,147.95,78209,San Antonio-New Braunfels,2023-06-11
San Antonio,2649,3,3.0,0.415,2004,20,6.5,13.8,0.0226,383627,144.82,78216,San Antonio-New Braunfels,2023-08-08
Austin,2726,3,3.0,0.05,2005,19,7.6,14.0,0.022,749643,275.0,78703,Austin-Round Rock-Georgetown,2024-04-03
Houston,1244,4,3.5,0.096,2003,21,5.5,26.7,0.0222,214316,172.28,77007,Houston-The Woodlands-Sugar Land,2023-04-08
Dallas,1491,4,3.5,0.229,1973,51,6.8,13.9,0.0235,322050,216.0,75201,Dallas-Fort Worth-Arlington,2024-06-16
Austin,2680,4,3.0,0.229,1976,48,7.4,13.3,0.0209,901603,336.42,78703,Austin-Round Rock-Georgetown,2023-08-15
Houston,1412,3,3.0,0.207,1961,63,7.3,18.3,0.0223,236981,167.83,77056,Houston-The Woodlands-Sugar Land,2024-04-05
Houston,2504,2,2.0,0.21,1990,34,6.1,47.2,0.0233,349717,139.66,77079,Houston-The Woodlands-Sugar Land,2024-03-06
Austin,1436,3,2.5,0.122,2012,12,9.0,17.0,0.019,458620,319.37,78745,Austin-Round Rock-Georgetown,2024-03-04
Dallas,2076,3,2.5,0.061,2001,23,3.8,11.1,0.0223,278525,134.16,75225,Dallas-Fort Worth-Arlington,2024-05-12
San Antonio,1514,3,3.0,0.758,2017,7,6.2,15.2,0.0233,230086,151.97,78230,San Antonio-New Braunfels,2023-04-12
Austin,1781,5,3.0,0.214,2021,3,7.9,11.8,0.0224,629590,353.5,78704,Austin-Round Rock-Georgetown,2023-11-21
Dallas,2893,4,4.0,0.239,1980,44,6.0,23.2,0.0213,590112,203.98,75205,Dallas-Fort Worth-Arlington,2023-02-24
San Antonio,1685,4,3.0,0.319,1973,51,5.1,9.4,0.0228,256873,152.45,78230,San Antonio-New Braunfels,2023-06-13
San Antonio,1592,4,3.0,0.161,1983,41,5.6,14.3,0.0222,261516,164.27,78250,San Antonio-New Braunfels,2023-01-23
San Antonio,2620,4,2.5,0.383,1964,60,6.6,19.6,0.0231,397603,151.76,78209,San Antonio-New Braunfels,2024-01-09
Houston,1662,2,1.0,0.153,1987,37,5.0,30.8,0.0233,198492,119.43,77024,Houston-The Woodlands-Sugar Land,2023-11-29
San Antonio,1814,3,2.5,0.122,1993,31,4.9,20.7,0.021,242265,133.55,78216,San Antonio-New Braunfels,2024-02-09
Houston,1904,3,2.0,0.611,1977,47,4.9,34.1,0.0205,308726,162.15,77007,Houston-The Woodlands-Sugar Land,2023-04-07
Houston,1137,3,2.5,0.508,2001,23,8.1,17.7,0.0226,179587,157.95,77007,Houston-The Woodlands-Sugar Land,2023-07-01
Austin,2406,4,3.0,0.248,2010,14,7.0,11.9,0.0216,766858,318.73,78701,Austin-Round Rock-Georgetown,2024-01-05
Dallas,1725,5,4.5,0.145,2009,15,7.0,22.6,0.021,408119,236.59,75205,Dallas-Fort Worth-Arlington,2024-03-28
Houston,2267,4,4.0,0.562,2006,18,5.8,12.6,0.0232,363545,160.36,77056,Houston-The Woodlands-Sugar Land,2024-04-29
Houston,3162,3,2.5,0.143,2007,17,6.7,41.5,0.0227,504028,159.4,77056,Houston-The Woodlands-Sugar Land,2023-02-10
San Antonio,2706,2,1.0,0.098,1983,41,7.2,19.4,0.0236,337952,124.89,78258,San Antonio-New Braunfels,2023-08-09
Houston,1367,4,4.0,0.321,2023,1,7.0,25.3,0.0216,235447,172.24,77002,Houston-The Woodlands-Sugar Land,2023-01-06
Houston,3542,2,2.0,0.112,2013,11,6.2,18.8,0.025,524950,148.21,77056,Houston-The Woodlands-Sugar Land,2024-03-23
Austin,1329,4,4.0,0.083,2001,23,8.6,25.6,0.0216,427072,321.35,78748,Austin-Round Rock-Georgetown,2023-03-09
Houston,1791,4,3.0,0.282,2017,7,5.7,58.0,0.0238,245792,137.24,77019,Houston-The Woodlands-Sugar Land,2024-03-25
Houston,1233,3,3.0,0.399,2023,1,8.7,22.1,0.0228,196408,159.29,77007,Houston-The Woodlands-Sugar Land,2023-03-27
Houston,2332,3,2.0,0.618,1960,64,6.6,42.8,0.0214,416516,178.61,77019,Houston-The Woodlands-Sugar Land,2023-01-09
Houston,1877,3,2.5,0.174,1994,30,7.8,34.0,0.0223,284155,151.39,77056,Houston-The Woodlands-Sugar Land,2024-04-25
San Antonio,1976,4,3.5,0.154,2015,9,8.2,22.7,0.0224,339261,171.69,78258,San Antonio-New Braunfels,2023-08-29
Fort Worth,1071,3,2.0,0.457,2009,15,7.2,41.5,0.0227,173271,161.78,76109,Dallas-Fort Worth-Arlington,2023-08-21
Dallas,1917,4,2.5,0.451,1971,53,5.9,21.1,0.0227,358775,187.15,75225,Dallas-Fort Worth-Arlington,2023-12-20
Dallas,1701,2,1.5,0.133,1972,52,5.9,32.0,0.0224,296738,174.45,75225,Dallas-Fort Worth-Arlington,2023-05-31
Fort Worth,2486,4,3.0,0.152,2018,6,7.6,15.1,0.0213,431819,173.7,76102,Dallas-Fort Worth-Arlington,2024-01-13
Fort Worth,1817,3,2.5,0.121,2016,8,5.2,57.5,0.0221,267568,147.26,76109,Dallas-Fort Worth-Arlington,2023-08-23
Dallas,2297,3,3.0,0.05,2020,4,10.0,7.1,0.0218,459128,199.88,75201,Dallas-Fort Worth-Arlington,2023-05-30
Fort Worth,1585,3,2.0,0.222,2007,17,8.4,13.1,0.0204,284900,179.75,76132,Dallas-Fort Worth-Arlington,2023-08-04
Fort Worth,1788,3,2.5,0.32,2020,4,7.7,11.7,0.0209,335993,187.92,76132,Dallas-Fort Worth-Arlington,2023-01-04
San Antonio,1459,3,2.5,0.226,1983,41,5.0,19.5,0.0223,195828,134.22,78216,San Antonio-New Braunfels,2023-06-14
Dallas,2306,3,3.0,0.174,1984,40,9.7,32.8,0.0228,464788,201.56,75205,Dallas-Fort Worth-Arlington,2023-11-20
Austin,1405,3,3.0,0.127,1977,47,7.8,8.6,0.0226,469689,334.3,78748,Austin-Round Rock-Georgetown,2023-03-17
Austin,2006,3,2.0,0.175,2018,6,7.3,4.8,0.0201,600014,299.11,78745,Austin-Round Rock-Georgetown,2023-03-06
Dallas,1529,3,2.5,0.167,2015,9,8.9,12.2,0.0219,316238,206.83,75230,Dallas-Fort Worth-Arlington,2023-12-25
Dallas,2775,3,2.5,0.067,2001,23,6.1,31.1,0.0199,562943,202.86,75225,Dallas-Fort Worth-Arlington,2023-08-23
Houston,2439,3,2.0,0.73,1964,60,8.5,20.7,0.0231,373185,153.01,77007,Houston-The Woodlands-Sugar Land,2023-03-16
Dallas,2082,5,4.0,0.533,1977,47,7.1,10.7,0.0206,475865,228.56,75201,Dallas-Fort Worth-Arlington,2024-02-14
Dallas,1591,3,2.0,0.272,1982,42,5.9,18.4,0.0217,328368,206.39,75204,Dallas-Fort Worth-Arlington,2024-02-29
San Antonio,2052,4,2.5,0.55,1966,58,6.2,19.0,0.0237,321074,156.47,78216,San Antonio-New Braunfels,2023-01-20
Austin,2228,4,3.5,0.356,1985,39,9.7,10.4,0.0208,739721,332.01,78703,Austin-Round Rock-Georgetown,2023-04-21
Houston,2693,3,2.0,0.325,1999,25,6.1,48.1,0.0215,452902,168.18,77024,Houston-The Woodlands-Sugar Land,2023-07-22
San Antonio,2145,3,2.0,0.419,2007,17,6.0,9.9,0.0209,368957,172.01,78205,San Antonio-New Braunfels,2024-02-05
San Antonio,1478,3,2.5,0.088,1990,34,5.3,26.3,0.023,193284,130.77,78258,San Antonio-New Braunfels,2023-02-10
Fort Worth,1990,3,3.0,0.148,1960,64,6.3,14.7,0.0211,367364,184.61,76107,Dallas-Fort Worth-Arlington,2024-03-16
Fort Worth,2494,3,2.0,0.213,2004,20,9.6,12.0,0.0216,468642,187.91,76132,Dallas-Fort Worth-Arlington,2023-06-24
Fort Worth,1916,2,1.0,0.307,1966,58,8.0,26.9,0.0227,331393,172.96,76107,Dallas-Fort Worth-Arlington,2023-03-10
Houston,3130,5,4.0,0.157,1982,42,7.8,31.4,0.0249,535082,170.95,77019,Houston-The Woodlands-Sugar Land,2024-04-17
Houston,2482,4,3.5,0.206,2013,11,7.4,10.9,0.0238,465572,187.58,77024,Houston-The Woodlands-Sugar Land,2023-02-17
Houston,2198,3,2.0,0.287,1986,38,6.9,24.3,0.0252,344517,156.74,77007,Houston-The Woodlands-Sugar Land,2023-03-12
Dallas,1687,3,3.0,0.069,2009,15,6.3,9.7,0.0202,325143,192.73,75204,Dallas-Fort Worth-Arlington,2024-06-03
Fort Worth,1938,3,2.0,0.332,1966,58,5.9,31.1,0.0232,317570,163.86,76107,Dallas-Fort Worth-Arlington,2023-10-12
Houston,2383,3,2.5,0.681,2013,11,7.2,16.3,0.0228,389355,163.39,77056,Houston-The Woodlands-Sugar Land,2023-09-11
Dallas,1795,3,2.0,0.329,1996,28,7.6,11.7,0.0215,334163,186.16,75201,Dallas-Fort Worth-Arlington,2024-01-11
Houston,1985,3,2.5,0.387,2011,13,6.9,11.1,0.0232,311718,157.04,77019,Houston-The Woodlands-Sugar Land,2023-12-11
Austin,3098,3,3.0,0.107,1970,54,8.1,19.5,0.0225,946322,305.46,78745,Austin-Round Rock-Georgetown,2023-12-02
Houston,2638,5,3.5,0.427,1994,30,7.2,16.9,0.0227,536058,203.21,77056,Houston-The Woodlands-Sugar Land,2023-01-13
Austin,1369,4,3.5,0.138,1987,37,6.4,27.5,0.0204,423068,309.03,78704,Austin-Round Rock-Georgetown,2023-10-29
Fort Worth,1644,2,1.5,0.359,2006,18,7.1,32.7,0.0212,304657,185.31,76102,Dallas-Fort Worth-Arlington,2023-06-02
Houston,1185,3,2.0,0.311,2014,10,7.2,27.3,0.0236,195194,164.72,77002,Houston-The Woodlands-Sugar Land,2024-03-17
San Antonio,1459,3,3.0,0.551,2014,10,8.6,18.9,0.0213,262577,179.97,78216,San Antonio-New Braunfels,2023-10-04
San Antonio,1436,3,2.0,0.181,2021,3,7.4,18.1,0.023,197443,137.5,78250,San Antonio-New Braunfels,2023-03-09
Houston,1993,3,3.0,0.218,2017,7,9.0,19.3,0.0209,392217,196.8,77002,Houston-The Woodlands-Sugar Land,2024-04-29
Austin,2174,4,3.0,0.102,2002,22,10.0,14.4,0.0198,787517,362.24,78750,Austin-Round Rock-Georgetown,2023-06-05
San Antonio,2800,4,4.0,0.129,1990,34,5.4,34.2,0.0224,357615,127.72,78230,San Antonio-New Braunfels,2023-05-29
Houston,2356,3,3.0,0.127,2011,13,5.5,37.9,0.0232,381838,162.07,77002,Houston-The Woodlands-Sugar Land,2024-05-27
Fort Worth,2130,2,2.0,0.207,1981,43,8.4,40.6,0.0206,332871,156.28,76107,Dallas-Fort Worth-Arlington,2024-02-29
Austin,2444,4,3.5,0.112,2015,9,9.6,14.4,0.0225,939033,384.22,78702,Austin-Round Rock-Georgetown,2024-04-15
Dallas,1368,3,3.0,0.178,1971,53,6.9,8.2,0.0227,271055,198.14,75254,Dallas-Fort Worth-Arlington,2023-12-29
San Antonio,1478,2,2.0,0.167,2016,8,6.5,6.7,0.0238,207076,140.11,78216,San Antonio-New Braunfels,2024-05-13
Houston,1510,3,2.5,0.327,1994,30,7.1,33.9,0.0239,243084,160.98,77007,Houston-The Woodlands-Sugar Land,2023-03-05
Houston,1945,3,2.0,0.541,1993,31,6.7,46.0,0.0234,303196,155.88,77007,Houston-The Woodlands-Sugar Land,2023-11-25
Fort Worth,4074,4,4.0,0.145,1998,26,9.6,19.2,0.0216,697262,171.15,76109,Dallas-Fort Worth-Arlington,2023-06-10
Houston,2315,3,2.0,0.117,2001,23,9.0,29.0,0.0253,348691,150.62,77002,Houston-The Woodlands-Sugar Land,2023-08-06
Houston,3342,5,4.5,0.16,2018,6,6.3,17.0,0.0221,583011,174.45,77007,Houston-The Woodlands-Sugar Land,2023-05-11
Houston,1838,3,2.0,0.279,1996,28,8.2,10.5,0.0226,323450,175.98,77002,Houston-The Woodlands-Sugar Land,2023-04-23
Houston,2327,3,2.0,0.17,1986,38,5.9,28.1,0.023,335871,144.34,77024,Houston-The Woodlands-Sugar Land,2023-08-31
San Antonio,1649,2,2.0,0.242,1975,49,6.0,27.7,0.0227,223728,135.67,78230,San Antonio-New Braunfels,2024-05-17
San Antonio,2276,3,2.0,0.134,1966,58,5.7,11.0,0.0235,332580,146.12,78216,San Antonio-New Braunfels,2023-12-14
Houston,4077,4,4.0,0.608,1973,51,6.5,27.9,0.0242,703213,172.48,77002,Houston-The Woodlands-Sugar Land,2023-07-11
San Antonio,1871,3,3.0,0.161,1975,49,3.7,16.6,0.0218,228475,122.11,78209,San Antonio-New Braunfels,2023-08-26
Houston,2383,3,2.0,0.313,2002,22,6.3,21.3,0.0218,397213,166.69,77079,Houston-The Woodlands-Sugar Land,2023-10-17
Austin,2009,3,2.5,0.122,1962,62,6.3,22.6,0.0222,545334,271.45,78702,Austin-Round Rock-Georgetown,2023-05-14
Dallas,2261,5,4.0,0.128,1989,35,5.4,9.3,0.0217,550252,243.37,75201,Dallas-Fort Worth-Arlington,2023-10-13
Fort Worth,1591,3,3.0,0.17,1979,45,7.0,10.5,0.0229,280496,176.3,76102,Dallas-Fort Worth-Arlington,2024-01-16
Austin,3997,2,2.0,0.415,1983,41,7.6,11.5,0.0206,1075254,269.02,78748,Austin-Round Rock-Georgetown,2023-05-14
Houston,2099,4,2.5,0.927,1975,49,6.5,22.7,0.0224,343353,163.58,77002,Houston-The Woodlands-Sugar Land,2023-11-16
Dallas,1796,2,1.5,0.292,1992,32,7.5,25.6,0.022,319442,177.86,75225,Dallas-Fort Worth-Arlington,2024-01-23
San Antonio,1813,3,3.0,0.241,2007,17,6.3,14.6,0.0224,269842,148.84,78258,San Antonio-New Braunfels,2023-10-12
Austin,1868,2,1.0,0.296,2018,6,10.0,10.4,0.0222,482444,258.27,78745,Austin-Round Rock-Georgetown,2023-06-09
Houston,2692,2,1.5,0.286,2021,3,6.1,15.1,0.0225,427567,158.83,77019,Houston-The Woodlands-Sugar Land,2023-10-31
San Antonio,1473,4,4.0,0.383,1969,55,7.5,6.4,0.0235,229946,156.11,78205,San Antonio-New Braunfels,2024-03-09
Houston,2254,3,2.0,1.082,2020,4,7.0,17.5,0.0228,333671,148.04,77002,Houston-The Woodlands-Sugar Land,2023-05-02
Houston,3243,2,1.0,0.127,1966,58,6.8,35.1,0.0218,478714,147.61,77002,Houston-The Woodlands-Sugar Land,2023-11-11
Houston,2043,3,2.0,0.668,2010,14,5.1,15.3,0.024,326836,159.98,77079,Houston-The Woodlands-Sugar Land,2024-01-08
Houston,1656,3,3.0,0.285,1970,54,6.1,17.5,0.0233,234740,141.75,77002,Houston-The Woodlands-Sugar Land,2023-06-25
Dallas,2978,4,2.5,0.223,1992,32,8.6,47.9,0.0236,500852,168.18,75201,Dallas-Fort Worth-Arlington,2023-07-31
Fort Worth,1801,3,3.0,0.174,1972,52,9.1,45.2,0.021,308010,171.02,76132,Dallas-Fort Worth-Arlington,2024-05-01
Dallas,1597,4,2.5,0.319,1978,46,6.1,4.9,0.0204,293984,184.09,75205,Dallas-Fort Worth-Arlington,2023-07-18
San Antonio,1601,4,3.0,0.122,1963,61,5.0,10.1,0.0214,222353,138.88,78209,San Antonio-New Braunfels,2023-11-24
Fort Worth,1655,5,5.0,0.189,1980,44,6.3,30.0,0.0216,359087,216.97,76109,Dallas-Fort Worth-Arlington,2023-03-23
Houston,1486,2,1.0,0.112,1996,28,6.7,52.3,0.0221,198554,133.62,77024,Houston-The Woodlands-Sugar Land,2024-05-21
Houston,1416,3,2.0,0.179,2022,2,6.3,19.6,0.0214,215636,152.29,77079,Houston-The Woodlands-Sugar Land,2023-11-23
Fort Worth,2301,3,3.0,0.279,1977,47,6.1,23.7,0.0203,419523,182.32,76107,Dallas-Fort Worth-Arlington,2024-02-20
Houston,2343,2,1.5,0.192,1979,45,6.1,43.7,0.0248,300930,128.44,77056,Houston-The Woodlands-Sugar Land,2023-11-26
San Antonio,1884,4,2.5,0.334,2017,7,7.4,12.1,0.0229,301296,159.92,78258,San Antonio-New Braunfels,2023-07-14
San Antonio,1353,5,4.5,0.408,1980,44,7.7,23.3,0.0229,238699,176.42,78216,San Antonio-New Braunfels,2023-07-06
Austin,2064,4,2.5,0.078,2013,11,7.2,8.4,0.0226,779908,377.86,78702,Austin-Round Rock-Georgetown,2024-01-19
Dallas,1043,3,2.0,0.33,1976,48,7.8,37.0,0.0222,168373,161.43,75254,Dallas-Fort Worth-Arlington,2024-04-15
Houston,2034,5,5.0,0.347,1977,47,6.7,16.3,0.0219,379332,186.5,77007,Houston-The Woodlands-Sugar Land,2023-03-11
Houston,2232,3,3.0,0.071,1970,54,6.1,40.0,0.0218,355930,159.47,77002,Houston-The Woodlands-Sugar Land,2024-04-07
Dallas,4701,3,2.0,0.301,1969,55,5.6,8.2,0.022,882192,187.66,75225,Dallas-Fort Worth-Arlington,2024-03-30
Houston,2916,3,2.0,0.257,1960,64,6.6,21.2,0.0221,451245,154.75,77079,Houston-The Woodlands-Sugar Land,2023-03-01
San Antonio,2067,4,4.0,0.434,2002,22,7.3,9.5,0.0226,322002,155.78,78201,San Antonio-New Braunfels,2023-03-01
Fort Worth,2038,5,5.0,0.374,1999,25,8.4,33.8,0.0215,421327,206.74,76132,Dallas-Fort Worth-Arlington,2024-01-16
San Antonio,3288,3,3.0,0.428,1990,34,6.7,34.0,0.0227,462822,140.76,78250,San Antonio-New Braunfels,2024-04-06
Houston,3319,5,4.5,0.137,2009,15,4.2,34.0,0.0224,629148,189.56,77079,Houston-The Woodlands-Sugar Land,2023-08-04
Houston,2360,2,1.0,0.148,2012,12,6.9,34.8,0.0229,317793,134.66,77019,Houston-The Woodlands-Sugar Land,2023-12-17
Houston,1465,3,2.5,0.224,2001,23,6.5,17.6,0.0233,247329,168.83,77007,Houston-The Woodlands-Sugar Land,2024-06-30
Austin,3426,3,2.0,0.11,1966,58,6.2,13.9,0.0224,1033117,301.55,78704,Austin-Round Rock-Georgetown,2023-06-26
Fort Worth,2847,4,3.0,0.286,1982,42,5.1,28.7,0.022,509228,178.86,76102,Dallas-Fort Worth-Arlington,2023-05-04
Houston,2833,4,2.5,0.215,2005,19,4.9,30.4,0.0244,408350,144.14,77079,Houston-The Woodlands-Sugar Land,2024-06-26
Houston,1716,5,5.0,0.3,1971,53,6.3,30.5,0.0241,344287,200.63,77024,Houston-The Woodlands-Sugar Land,2023-06-03
San Antonio,1394,4,4.0,0.594,2023,1,6.3,11.0,0.0215,213247,152.97,78216,San Antonio-New Braunfels,2023-09-16
Houston,2107,2,1.5,0.175,1999,25,6.8,20.9,0.0224,328433,155.88,77024,Houston-The Woodlands-Sugar Land,2023-08-30
Austin,2118,3,2.5,0.26,1978,46,8.8,9.2,0.0224,689906,325.73,78745,Austin-Round Rock-Georgetown,2023-10-14
Austin,1667,3,3.0,0.344,1962,62,6.8,27.2,0.0215,464873,278.87,78704,Austin-Round Rock-Georgetown,2023-05-27
Dallas,1702,4,4.0,0.27,1973,51,9.6,8.0,0.021,410298,241.07,75254,Dallas-Fort Worth-Arlington,2024-01-07
San Antonio,1923,3,3.0,0.165,2001,23,6.2,4.9,0.0214,311214,161.84,78258,San Antonio-New Braunfels,2024-01-14
Houston,3002,2,1.5,0.06,2017,7,6.0,42.7,0.0246,468611,156.1,77079,Houston-The Woodlands-Sugar Land,2023-04-20
Fort Worth,1844,3,2.5,0.236,1960,64,8.9,22.4,0.0218,325293,176.41,76109,Dallas-Fort Worth-Arlington,2023-09-21
San Antonio,2198,5,3.5,0.124,1963,61,8.1,7.0,0.0241,313738,142.74,78250,San Antonio-New Braunfels,2023-02-01
San Antonio,1636,4,2.5,0.106,2000,24,7.0,16.5,0.0223,237866,145.39,78209,San Antonio-New Braunfels,2023-05-01
Houston,2078,3,2.0,0.203,1990,34,6.4,16.8,0.0248,282473,135.94,77002,Houston-The Woodlands-Sugar Land,2024-06-24
Austin,2116,3,2.5,0.11,1973,51,8.5,9.1,0.0218,756425,357.48,78703,Austin-Round Rock-Georgetown,2023-10-04
Fort Worth,2083,3,2.0,0.197,1996,28,6.6,21.6,0.0221,401400,192.7,76132,Dallas-Fort Worth-Arlington,2023-12-07
Houston,2097,5,4.5,0.499,1973,51,7.1,19.4,0.0236,391501,186.7,77002,Houston-The Woodlands-Sugar Land,2024-05-01
Dallas,1079,2,1.5,0.427,1995,29,6.3,20.2,0.0222,187943,174.18,75225,Dallas-Fort Worth-Arlington,2024-01-26
San Antonio,2018,4,3.5,0.365,2018,6,8.0,11.0,0.0223,330325,163.69,78205,San Antonio-New Braunfels,2024-03-09
Austin,1603,3,2.5,0.24,1960,64,7.9,13.9,0.0219,539666,336.66,78704,Austin-Round Rock-Georgetown,2024-01-25
San Antonio,1719,4,2.5,0.724,2008,16,5.1,22.1,0.0237,206188,119.95,78205,San Antonio-New Braunfels,2023-09-30
Fort Worth,2239,4,3.5,0.159,2009,15,6.3,17.0,0.0215,411010,183.57,76109,Dallas-Fort Worth-Arlington,2023-12-13
San Antonio,1758,4,3.5,0.082,2022,2,7.9,14.5,0.0221,290652,165.33,78250,San Antonio-New Braunfels,2023-06-07
Houston,2236,3,2.0,0.131,1970,54,6.4,7.3,0.0242,342790,153.31,77056,Houston-The Woodlands-Sugar Land,2024-05-02
Fort Worth,2420,2,1.0,0.233,2011,13,7.5,12.4,0.0206,391940,161.96,76109,Dallas-Fort Worth-Arlington,2023-04-09
Dallas,1631,2,2.0,0.117,1970,54,6.9,19.2,0.0219,288730,177.03,75204,Dallas-Fort Worth-Arlington,2024-04-28
San Antonio,1990,4,2.5,0.187,1967,57,7.2,13.3,0.0237,297615,149.56,78216,San Antonio-New Braunfels,2024-04-25
San Antonio,2929,4,2.5,0.114,2022,2,6.5,29.5,0.0228,457687,156.26,78201,San Antonio-New Braunfels,2023-03-19
San Antonio,1285,4,3.5,0.071,1979,45,6.1,4.7,0.0214,242436,188.67,78209,San Antonio-New Braunfels,2024-01-24
Houston,1873,4,4.0,0.137,2008,16,7.8,14.1,0.0233,318736,170.17,77024,Houston-The Woodlands-Sugar Land,2024-06-25
Austin,4143,3,2.0,0.151,1994,30,7.4,9.6,0.0207,1441173,347.86,78745,Austin-Round Rock-Georgetown,2023-11-09
Houston,1779,3,2.0,0.408,1991,33,6.5,20.6,0.0242,261728,147.12,77002,Houston-The Woodlands-Sugar Land,2023-07-06
Dallas,2417,3,2.0,0.142,2004,20,6.9,27.1,0.0227,443010,183.29,75230,Dallas-Fort Worth-Arlington,2024-04-26
Dallas,1736,2,1.0,0.142,2005,19,6.4,30.0,0.0221,285174,164.27,75205,Dallas-Fort Worth-Arlington,2023-10-08
Dallas,2070,3,2.5,0.371,1960,64,8.7,23.5,0.0234,396840,191.71,75254,Dallas-Fort Worth-Arlington,2023-03-08
Houston,2583,3,2.5,0.405,1989,35,7.6,58.5,0.0225,389356,150.74,77024,Houston-The Woodlands-Sugar Land,2023-05-17
San Antonio,1828,3,2.0,0.534,1991,33,5.3,17.4,0.0211,263408,144.1,78216,San Antonio-New Braunfels,2024-01-09
Fort Worth,1564,4,3.0,0.154,2016,8,6.3,21.8,0.0226,273272,174.73,76109,Dallas-Fort Worth-Arlington,2023-09-07
Houston,1559,2,1.0,0.563,2018,6,5.5,18.8,0.0242,261113,167.49,77056,Houston-The Woodlands-Sugar Land,2023-04-29
San Antonio,1447,4,2.5,0.165,1961,63,5.6,18.1,0.024,183564,126.86,78205,San Antonio-New Braunfels,2024-03-13
Dallas,3135,2,1.5,0.468,2009,15,7.6,15.5,0.0227,566200,180.61,75225,Dallas-Fort Worth-Arlington,2023-03-07
Dallas,2338,3,2.0,0.078,1998,26,6.0,8.9,0.0219,385226,164.77,75201,Dallas-Fort Worth-Arlington,2023-04-30
Houston,1706,4,2.5,0.129,1981,43,5.3,24.9,0.0247,268524,157.4,77019,Houston-The Woodlands-Sugar Land,2023-09-12
San Antonio,1927,5,3.0,0.302,2004,20,5.8,20.1,0.0211,290995,151.01,78250,San Antonio-New Braunfels,2023-01-22
Fort Worth,3042,3,2.0,0.074,1972,52,5.6,14.2,0.0216,445998,146.61,76132,Dallas-Fort Worth-Arlington,2023-07-31
San Antonio,1811,5,3.5,0.267,2017,7,5.3,7.1,0.0213,262246,144.81,78205,San Antonio-New Braunfels,2024-05-12
Fort Worth,2025,3,3.0,0.256,2022,2,8.8,53.2,0.0226,356520,176.06,76107,Dallas-Fort Worth-Arlington,2024-05-29
Fort Worth,2470,3,2.5,0.569,2020,4,6.3,15.3,0.0214,455597,184.45,76109,Dallas-Fort Worth-Arlington,2024-04-21
Houston,1504,4,4.0,0.267,2010,14,7.3,18.7,0.0237,301338,200.36,77019,Houston-The Woodlands-Sugar Land,2023-06-27
Dallas,2696,5,4.0,0.304,1965,59,10.0,33.1,0.0219,563755,209.11,75204,Dallas-Fort Worth-Arlington,2023-02-05
Dallas,1849,4,2.5,0.118,2013,11,8.6,9.0,0.0204,397494,214.98,75204,Dallas-Fort Worth-Arlington,2024-03-21
Fort Worth,1537,4,2.5,0.148,2020,4,7.0,14.7,0.0213,291711,189.79,76107,Dallas-Fort Worth-Arlington,2023-07-24
Austin,2575,5,4.5,0.206,2000,24,7.9,17.8,0.0219,1052811,408.86,78704,Austin-Round Rock-Georgetown,2024-02-14
Houston,1191,3,2.0,0.23,2017,7,5.7,11.5,0.0238,178732,150.07,77079,Houston-The Woodlands-Sugar Land,2023-03-07
Fort Worth,1169,4,4.0,0.218,2003,21,5.9,18.9,0.023,194671,166.53,76109,Dallas-Fort Worth-Arlington,2024-01-01
Houston,1313,3,2.5,0.174,1960,64,7.6,37.9,0.0233,209792,159.78,77019,Houston-The Woodlands-Sugar Land,2023-11-17
San Antonio,2115,3,3.0,0.126,2004,20,4.9,14.9,0.0227,266268,125.9,78230,San Antonio-New Braunfels,2024-05-18
Houston,2146,3,2.0,0.161,1971,53,5.5,29.8,0.0228,334528,155.88,77056,Houston-The Woodlands-Sugar Land,2023-02-25
Fort Worth,1733,3,2.5,0.231,1967,57,9.2,8.9,0.0231,358514,206.87,76107,Dallas-Fort Worth-Arlington,2023-08-12
Fort Worth,2491,3,3.0,0.193,1975,49,6.2,16.5,0.0212,396708,159.26,76107,Dallas-Fort Worth-Arlington,2024-06-25
Houston,2929,3,2.0,0.098,2000,24,6.8,12.3,0.0218,465655,158.98,77007,Houston-The Woodlands-Sugar Land,2023-08-02
San Antonio,2677,4,3.0,0.216,1965,59,6.1,23.8,0.0219,414086,154.68,78258,San Antonio-New Braunfels,2023-12-26
Houston,3042,3,3.0,0.169,2021,3,5.0,17.4,0.0243,451331,148.37,77079,Houston-The Woodlands-Sugar Land,2023-03-30
Dallas,2976,4,3.5,0.139,1988,36,9.7,12.8,0.0219,617995,207.66,75204,Dallas-Fort Worth-Arlington,2024-02-03
Dallas,1627,3,3.0,0.334,1993,31,5.6,25.0,0.021,271753,167.03,75205,Dallas-Fort Worth-Arlington,2023-05-31
San Antonio,2094,3,3.0,0.36,1960,64,7.5,33.4,0.0213,326428,155.89,78205,San Antonio-New Braunfels,2023-11-10
Austin,3341,4,3.5,0.078,2021,3,7.5,38.3,0.0215,1024199,306.55,78750,Austin-Round Rock-Georgetown,2024-04-26
Houston,1709,3,3.0,0.221,1979,45,9.3,30.1,0.0238,281702,164.83,77002,Houston-The Woodlands-Sugar Land,2023-12-28
San Antonio,1405,5,4.0,0.404,1991,33,6.0,25.8,0.0226,222000,158.01,78205,San Antonio-New Braunfels,2023-09-17
Dallas,1408,4,3.5,0.309,2009,15,6.3,24.5,0.0236,297894,211.57,75204,Dallas-Fort Worth-Arlington,2023-04-14
Dallas,2531,4,3.0,0.225,2007,17,8.0,17.7,0.0212,488784,193.12,75225,Dallas-Fort Worth-Arlington,2023-07-06
Austin,2778,3,2.0,0.231,2020,4,9.2,10.8,0.0207,938605,337.87,78702,Austin-Round Rock-Georgetown,2024-04-09
Houston,1923,3,2.0,0.146,1980,44,5.6,19.5,0.0243,239788,124.69,77024,Houston-The Woodlands-Sugar Land,2023-04-29
Fort Worth,2812,3,2.0,0.156,2004,20,9.4,21.3,0.0211,499551,177.65,76109,Dallas-Fort Worth-Arlington,2023-12-25
Austin,1951,4,2.5,0.18,1978,46,6.4,11.8,0.0221,579291,296.92,78748,Austin-Round Rock-Georgetown,2023-09-23
Houston,2569,3,2.5,0.205,1965,59,8.2,9.2,0.0223,464091,180.65,77002,Houston-The Woodlands-Sugar Land,2023-06-25
Fort Worth,3428,4,3.0,0.308,1976,48,8.0,37.8,0.0221,668839,195.11,76102,Dallas-Fort Worth-Arlington,2024-01-28
Austin,2181,4,3.0,0.148,2019,5,7.5,7.7,0.0198,729371,334.42,78701,Austin-Round Rock-Georgetown,2023-07-18
San Antonio,1801,3,3.0,0.262,2020,4,6.2,10.1,0.0234,271259,150.62,78258,San Antonio-New Braunfels,2023-06-06
Houston,1843,3,3.0,0.17,1989,35,6.1,19.1,0.0237,305500,165.76,77024,Houston-The Woodlands-Sugar Land,2023-10-17
Fort Worth,3149,4,3.5,0.327,1973,51,7.7,15.7,0.0226,572223,181.72,76109,Dallas-Fort Worth-Arlington,2024-02-19
San Antonio,1254,4,4.0,0.304,1973,51,5.4,28.1,0.0238,193484,154.29,78250,San Antonio-New Braunfels,2024-04-17
Fort Worth,2877,3,2.5,0.366,1991,33,5.9,20.7,0.0216,479401,166.63,76109,Dallas-Fort Worth-Arlington,2023-12-11
Houston,1277,3,2.0,0.051,1975,49,6.4,15.1,0.0221,147634,115.61,77007,Houston-The Woodlands-Sugar Land,2023-12-29
Dallas,1549,3,3.0,0.227,2019,5,8.9,23.3,0.023,350437,226.23,75225,Dallas-Fort Worth-Arlington,2024-03-06
San Antonio,1436,4,2.5,0.18,2003,21,5.6,20.9,0.021,192822,134.28,78230,San Antonio-New Braunfels,2023-05-28
Houston,1719,2,1.5,0.435,1968,56,5.7,13.5,0.0235,228086,132.69,77002,Houston-The Woodlands-Sugar Land,2023-05-18
Houston,1752,5,3.0,0.59,2009,15,5.6,36.7,0.0229,262636,149.91,77024,Houston-The Woodlands-Sugar Land,2023-09-22
Austin,1452,3,2.5,0.232,1995,29,10.0,6.8,0.021,452604,311.71,78704,Austin-Round Rock-Georgetown,2023-12-12
Fort Worth,1353,4,3.0,0.079,1960,64,7.0,10.9,0.0218,272619,201.49,76102,Dallas-Fort Worth-Arlington,2023-12-20
San Antonio,2240,4,4.0,0.244,1987,37,7.2,20.2,0.0224,364203,162.59,78205,San Antonio-New Braunfels,2023-03-26
Dallas,1347,3,3.0,0.298,1987,37,7.3,37.7,0.0225,248391,184.4,75205,Dallas-Fort Worth-Arlington,2024-03-02
San Antonio,1352,3,2.5,0.688,1987,37,9.1,8.4,0.0212,163387,120.85,78209,San Antonio-New Braunfels,2023-07-18
Dallas,2634,3,3.0,0.086,2016,8,7.1,19.7,0.0228,536791,203.79,75204,Dallas-Fort Worth-Arlington,2024-04-24
Dallas,2440,3,2.0,0.263,2012,12,5.8,36.1,0.0232,453719,185.95,75225,Dallas-Fort Worth-Arlington,2024-02-01
Houston,2284,4,3.0,0.493,1965,59,6.2,38.0,0.0231,330500,144.7,77019,Houston-The Woodlands-Sugar Land,2024-06-21
Dallas,1723,5,5.0,0.124,1977,47,6.4,24.8,0.0238,315434,183.07,75205,Dallas-Fort Worth-Arlington,2023-12-12
Houston,4865,2,1.5,0.18,2002,22,6.8,24.2,0.022,668163,137.34,77056,Houston-The Woodlands-Sugar Land,2023-10-16
Fort Worth,2824,5,4.0,0.187,2011,13,5.8,53.6,0.0208,481252,170.42,76102,Dallas-Fort Worth-Arlington,2023-04-13
San Antonio,1843,2,1.5,0.257,1992,32,6.8,15.0,0.0218,256577,139.22,78209,San Antonio-New Braunfels,2023-08-07
Houston,2030,5,3.5,0.218,1974,50,8.1,40.6,0.0243,383118,188.73,77002,Houston-The Woodlands-Sugar Land,2024-04-14
Dallas,1999,4,2.5,0.05,1993,31,8.1,20.3,0.0228,405738,202.97,75254,Dallas-Fort Worth-Arlington,2023-07-28
Austin,2319,5,4.0,0.05,1965,59,7.9,9.5,0.0206,849160,366.18,78702,Austin-Round Rock-Georgetown,2023-01-30
Fort Worth,1742,3,3.0,0.229,1999,25,5.7,14.3,0.0216,301369,173.0,76132,Dallas-Fort Worth-Arlington,2023-05-15
Fort Worth,2926,3,3.0,0.181,1998,26,7.5,33.3,0.023,568710,194.36,76102,Dallas-Fort Worth-Arlington,2023-11-22
Fort Worth,1824,3,2.5,0.208,1966,58,8.3,31.3,0.0217,353949,194.05,76107,Dallas-Fort Worth-Arlington,2023-12-11
Houston,1871,3,2.5,0.119,2012,12,7.5,25.4,0.0236,297646,159.08,77024,Houston-The Woodlands-Sugar Land,2024-06-22
Austin,1867,4,3.5,0.191,1985,39,6.8,13.3,0.0212,703707,376.92,78748,Austin-Round Rock-Georgetown,2024-05-25
Houston,1527,4,3.0,0.167,1989,35,7.1,19.8,0.023,270305,177.02,77007,Houston-The Woodlands-Sugar Land,2023-10-18
Austin,1638,3,2.0,0.17,2001,23,8.5,15.7,0.0221,523394,319.53,78702,Austin-Round Rock-Georgetown,2023-10-31
Austin,2187,2,1.0,0.076,1982,42,6.1,33.8,0.0193,596368,272.69,78750,Austin-Round Rock-Georgetown,2024-03-13
Austin,1485,3,2.5,0.156,1983,41,9.8,20.0,0.0212,397862,267.92,78703,Austin-Round Rock-Georgetown,2023-01-27
Fort Worth,1331,2,1.0,0.224,1977,47,7.3,10.4,0.0222,202580,152.2,76102,Dallas-Fort Worth-Arlington,2023-11-22
Austin,2075,3,2.0,0.139,1991,33,8.9,17.0,0.0215,689082,332.09,78748,Austin-Round Rock-Georgetown,2023-09-17
Austin,1787,4,4.0,0.32,2002,22,8.4,10.6,0.02,699640,391.52,78701,Austin-Round Rock-Georgetown,2024-03-04
San Antonio,1559,3,2.5,0.379,2023,1,8.4,12.2,0.0236,245429,157.43,78258,San Antonio-New Braunfels,2024-03-13
Dallas,2232,3,2.0,0.152,1968,56,7.2,11.5,0.0229,397891,178.27,75254,Dallas-Fort Worth-Arlington,2023-12-25
San Antonio,2650,4,2.5,0.159,1989,35,7.4,15.9,0.022,393484,148.48,78250,San Antonio-New Braunfels,2023-12-26
Dallas,1549,4,3.5,0.153,1972,52,7.6,40.3,0.022,299696,193.48,75204,Dallas-Fort Worth-Arlington,2024-01-14
Fort Worth,2149,4,3.5,0.187,1973,51,6.1,9.0,0.0227,408604,190.14,76102,Dallas-Fort Worth-Arlington,2023-11-14
Dallas,2085,3,2.5,0.245,1976,48,6.9,22.5,0.0212,391979,188.0,75205,Dallas-Fort Worth-Arlington,2023-05-05
Dallas,2817,5,4.5,0.214,1983,41,7.2,14.4,0.0202,574144,203.81,75205,Dallas-Fort Worth-Arlington,2023-06-05
San Antonio,1854,4,3.0,0.515,2012,12,5.7,24.1,0.022,297196,160.3,78258,San Antonio-New Braunfels,2024-02-10
Houston,2674,3,2.0,0.43,2022,2,4.6,42.1,0.023,397142,148.52,77024,Houston-The Woodlands-Sugar Land,2023-12-05
Houston,1139,2,1.5,0.181,1995,29,7.7,22.4,0.0241,172755,151.67,77079,Houston-The Woodlands-Sugar Land,2023-05-11
Dallas,1512,3,2.5,0.243,2013,11,7.1,55.6,0.0232,290332,192.02,75230,Dallas-Fort Worth-Arlington,2024-04-25
Austin,2089,3,3.0,0.05,1995,29,8.6,12.9,0.021,666806,319.2,78748,Austin-Round Rock-Georgetown,2024-06-20
San Antonio,1222,4,3.5,0.309,1997,27,3.6,12.0,0.0234,177106,144.93,78201,San Antonio-New Braunfels,2023-12-09
Houston,3050,2,2.0,0.215,1990,34,6.3,11.0,0.0215,427631,140.21,77002,Houston-The Woodlands-Sugar Land,2023-05-05
Austin,1567,3,3.0,0.245,2011,13,9.0,12.3,0.0221,518965,331.18,78701,Austin-Round Rock-Georgetown,2024-05-28
Houston,1839,3,3.0,0.076,2023,1,7.3,19.3,0.0216,287092,156.11,77024,Houston-The Woodlands-Sugar Land,2023-05-10
San Antonio,1477,3,2.5,0.626,1990,34,4.6,8.1,0.0211,229798,155.58,78205,San Antonio-New Braunfels,2023-08-25
Houston,2380,3,2.5,0.226,1960,64,5.5,28.4,0.0228,318853,133.97,77079,Houston-The Woodlands-Sugar Land,2024-04-14
San Antonio,2316,3,2.0,0.217,1992,32,7.6,17.9,0.0216,341421,147.42,78201,San Antonio-New Braunfels,2023-10-12
San Antonio,2168,4,3.0,0.162,1980,44,7.3,6.8,0.0224,334872,154.46,78258,San Antonio-New Braunfels,2023-05-13
Austin,2933,2,1.0,0.063,2011,13,7.7,9.2,0.024,794571,270.91,78745,Austin-Round Rock-Georgetown,2023-02-13
San Antonio,1993,4,3.5,0.171,2005,19,7.0,16.7,0.0202,304572,152.82,78201,San Antonio-New Braunfels,2023-07-17
Houston,2852,4,3.0,0.13,2005,19,8.3,21.5,0.0246,512150,179.58,77002,Houston-The Woodlands-Sugar Land,2024-01-03
Houston,1136,5,4.0,0.187,1977,47,5.1,49.5,0.0225,213696,188.11,77019,Houston-The Woodlands-Sugar Land,2024-01-26
San Antonio,1713,3,2.0,0.224,2012,12,6.4,8.4,0.022,258650,150.99,78209,San Antonio-New Braunfels,2023-05-02
Fort Worth,1340,4,3.0,0.244,2002,22,8.8,17.2,0.0211,323328,241.29,76107,Dallas-Fort Worth-Arlington,2023-03-28
Houston,1844,2,1.0,0.198,1970,54,6.9,34.9,0.0234,273965,148.57,77024,Houston-The Woodlands-Sugar Land,2024-01-19
Dallas,2735,3,2.0,0.35,1986,38,5.9,60.0,0.0215,440551,161.08,75201,Dallas-Fort Worth-Arlington,2023-03-29
Houston,1459,4,4.0,0.914,1978,46,6.1,26.2,0.0232,275192,188.62,77002,Houston-The Woodlands-Sugar Land,2023-02-05
Dallas,3891,2,2.0,0.247,2010,14,8.0,17.8,0.0209,679779,174.71,75230,Dallas-Fort Worth-Arlington,2023-09-24
Dallas,2822,3,3.0,0.211,1992,32,8.6,7.7,0.0216,680814,241.25,75254,Dallas-Fort Worth-Arlington,2023-11-09
Dallas,2187,5,3.0,0.332,2018,6,4.1,19.7,0.0216,390716,178.65,75204,Dallas-Fort Worth-Arlington,2023-05-14
Dallas,2049,4,4.0,0.146,1984,40,6.0,8.7,0.0213,460652,224.82,75254,Dallas-Fort Worth-Arlington,2023-04-26
Austin,2037,3,3.0,0.144,2006,18,9.0,18.0,0.021,527051,258.74,78703,Austin-Round Rock-Georgetown,2023-05-09
San Antonio,1592,3,2.5,0.183,1972,52,7.5,15.7,0.0235,201402,126.51,78209,San Antonio-New Braunfels,2023-07-07
Dallas,1825,3,3.0,0.096,1987,37,8.7,22.1,0.023,352374,193.08,75201,Dallas-Fort Worth-Arlington,2023-01-06
San Antonio,1436,3,2.5,0.693,1994,30,7.0,13.3,0.0223,212839,148.22,78209,San Antonio-New Braunfels,2023-01-07
Austin,3489,3,2.0,0.192,2002,22,8.5,17.9,0.0211,1009152,289.24,78704,Austin-Round Rock-Georgetown,2023-07-22
Houston,2862,4,3.5,0.628,2012,12,7.4,26.3,0.0262,528232,184.57,77024,Houston-The Woodlands-Sugar Land,2023-01-11
Houston,1514,4,3.0,0.108,2021,3,5.9,38.3,0.0227,250567,165.5,77002,Houston-The Woodlands-Sugar Land,2023-06-24
Austin,2621,2,2.0,0.078,1997,27,8.8,15.9,0.0208,703610,268.45,78702,Austin-Round Rock-Georgetown,2023-11-14
Houston,1936,3,3.0,0.157,2003,21,5.4,18.3,0.0233,362760,187.38,77019,Houston-The Woodlands-Sugar Land,2023-01-18
Houston,2241,4,2.5,0.355,1980,44,6.1,60.0,0.023,348225,155.39,77002,Houston-The Woodlands-Sugar Land,2023-12-04
San Antonio,2300,3,3.0,0.164,2023,1,7.4,17.4,0.0235,346923,150.84,78205,San Antonio-New Braunfels,2023-12-06
Houston,1890,3,2.5,0.143,1993,31,8.4,31.7,0.0229,296548,156.9,77024,Houston-The Woodlands-Sugar Land,2023-11-10
San Antonio,2175,3,2.5,0.293,1981,43,7.3,4.9,0.0227,341950,157.22,78258,San Antonio-New Braunfels,2023-12-09
Dallas,2380,3,3.0,0.096,2004,20,5.0,31.1,0.0227,474931,199.55,75225,Dallas-Fort Worth-Arlington,2024-03-18
San Antonio,1568,3,3.0,0.139,1973,51,6.7,22.3,0.0242,217639,138.8,78205,San Antonio-New Braunfels,2023-02-08
Dallas,1542,5,3.0,0.682,2019,5,8.1,31.4,0.0218,344327,223.3,75254,Dallas-Fort Worth-Arlington,2023-04-03
Dallas,2466,4,3.0,0.12,2002,22,6.7,18.4,0.0212,517841,209.99,75225,Dallas-Fort Worth-Arlington,2023-06-23
Dallas,2178,4,3.5,0.192,2001,23,6.6,18.4,0.0231,409535,188.03,75230,Dallas-Fort Worth-Arlington,2024-01-12
Fort Worth,3800,3,2.0,0.149,1985,39,8.4,18.8,0.0214,635552,167.25,76102,Dallas-Fort Worth-Arlington,2024-04-22
Dallas,1845,4,3.0,0.176,1970,54,6.3,12.3,0.0215,381970,207.03,75225,Dallas-Fort Worth-Arlington,2024-05-17
Dallas,2439,2,1.0,0.227,2000,24,7.0,7.5,0.0218,418934,171.76,75201,Dallas-Fort Worth-Arlington,2023-11-15
Dallas,1464,4,3.5,0.091,2016,8,6.3,39.0,0.0204,289081,197.46,75225,Dallas-Fort Worth-Arlington,2023-08-13
San Antonio,1374,2,1.5,0.129,2001,23,7.2,31.4,0.0233,191623,139.46,78205,San Antonio-New Braunfels,2023-08-14
Austin,1256,4,2.5,0.304,1963,61,10.0,23.9,0.0224,494701,393.87,78750,Austin-Round Rock-Georgetown,2023-02-02
Dallas,2058,3,3.0,0.104,1976,48,7.3,7.6,0.0215,402913,195.78,75201,Dallas-Fort Worth-Arlington,2023-09-12
Dallas,2659,3,3.0,0.626,1973,51,7.4,20.3,0.0204,492821,185.34,75225,Dallas-Fort Worth-Arlington,2023-10-08
Fort Worth,2712,3,2.5,0.268,1960,64,5.3,19.1,0.0232,478178,176.32,76102,Dallas-Fort Worth-Arlington,2023-04-24
Dallas,1926,3,2.5,0.1,2006,18,9.4,24.0,0.0217,387973,201.44,75230,Dallas-Fort Worth-Arlington,2024-02-25
Dallas,1570,3,3.0,0.182,1968,56,5.8,20.5,0.0215,266280,169.61,75205,Dallas-Fort Worth-Arlington,2024-03-20
Fort Worth,2895,4,4.0,0.346,2023,1,6.7,19.3,0.0222,558298,192.85,76132,Dallas-Fort Worth-Arlington,2023-06-15
Houston,3119,3,2.0,0.378,1993,31,5.8,19.5,0.0236,541175,173.51,77024,Houston-The Woodlands-Sugar Land,2024-05-14
Houston,1424,4,2.5,0.093,1997,27,5.0,13.5,0.0242,227001,159.41,77019,Houston-The Woodlands-Sugar Land,2023-02-28
Houston,2119,3,2.0,0.721,1971,53,5.7,52.1,0.0234,304246,143.58,77002,Houston-The Woodlands-Sugar Land,2024-05-13
Austin,2142,3,3.0,0.246,1990,34,8.7,11.3,0.0223,646285,301.72,78745,Austin-Round Rock-Georgetown,2024-02-25
Austin,1963,3,2.0,0.207,2006,18,8.4,12.5,0.0213,624304,318.04,78704,Austin-Round Rock-Georgetown,2023-05-03
Houston,1947,4,3.0,0.787,1965,59,6.5,29.2,0.0223,347235,178.34,77002,Houston-The Woodlands-Sugar Land,2023-12-22
San Antonio,2429,3,2.5,0.149,1963,61,8.5,10.9,0.0231,331100,136.31,78230,San Antonio-New Braunfels,2023-06-19
San Antonio,2638,3,3.0,0.153,1980,44,5.8,19.6,0.0226,338169,128.19,78205,San Antonio-New Braunfels,2024-03-13
Austin,1884,3,2.5,0.296,1996,28,8.1,16.0,0.0233,584569,310.28,78702,Austin-Round Rock-Georgetown,2023-03-29
Dallas,1506,4,4.0,0.159,1990,34,6.5,12.7,0.0217,343017,227.77,75201,Dallas-Fort Worth-Arlington,2023-05-14
Austin,2647,4,3.5,0.154,1961,63,5.3,16.8,0.0192,687709,259.81,78703,Austin-Round Rock-Georgetown,2023-06-18
Fort Worth,1886,2,1.5,0.588,2011,13,7.6,17.7,0.0232,354584,188.01,76102,Dallas-Fort Worth-Arlington,2023-04-20
Austin,2215,3,2.0,0.076,1994,30,8.0,8.3,0.0212,704262,317.95,78701,Austin-Round Rock-Georgetown,2023-07-02
Dallas,1103,3,3.0,0.174,2010,14,6.6,15.7,0.0213,193215,175.17,75205,Dallas-Fort Worth-Arlington,2023-11-26
Houston,1788,3,3.0,0.25,1961,63,7.3,30.9,0.0224,245922,137.54,77007,Houston-The Woodlands-Sugar Land,2023-12-13
Dallas,2928,4,3.0,0.213,2019,5,8.5,42.7,0.0223,656461,224.2,75201,Dallas-Fort Worth-Arlington,2023-10-31
Houston,1460,4,3.0,0.287,1978,46,8.7,24.9,0.0221,230906,158.15,77019,Houston-The Woodlands-Sugar Land,2023-04-14
San Antonio,3194,2,1.5,0.19,1977,47,6.8,9.8,0.0229,381333,119.39,78201,San Antonio-New Braunfels,2023-04-21
Houston,1885,4,3.0,0.19,1983,41,5.7,19.8,0.023,356675,189.22,77079,Houston-The Woodlands-Sugar Land,2024-05-17
Fort Worth,2169,3,2.5,0.395,2003,21,7.5,23.0,0.0225,311504,143.62,76107,Dallas-Fort Worth-Arlington,2023-05-18
Dallas,3742,3,2.0,0.077,1993,31,8.7,12.7,0.0225,662934,177.16,75254,Dallas-Fort Worth-Arlington,2023-02-26
San Antonio,3802,2,2.0,0.065,1992,32,6.5,12.9,0.0236,492358,129.5,78258,San Antonio-New Braunfels,2023-09-06
San Antonio,2743,2,1.5,0.2,2010,14,7.1,19.2,0.0232,375912,137.04,78258,San Antonio-New Braunfels,2023-01-04
Fort Worth,2414,3,2.5,0.614,1977,47,5.0,25.5,0.0225,440868,182.63,76109,Dallas-Fort Worth-Arlington,2023-07-07
Houston,2611,3,2.5,0.151,1965,59,6.3,11.3,0.0245,422972,162.0,77019,Houston-The Woodlands-Sugar Land,2024-04-12
Houston,1595,4,2.5,0.425,1972,52,5.7,4.6,0.0234,246440,154.51,77056,Houston-The Woodlands-Sugar Land,2023-05-27
Houston,2531,5,3.0,0.667,2013,11,8.3,52.8,0.0244,513874,203.03,77002,Houston-The Woodlands-Sugar Land,2024-01-20
Houston,2074,3,2.5,0.243,2023,1,8.3,16.7,0.024,288358,139.03,77079,Houston-The Woodlands-Sugar Land,2023-09-25
Dallas,1768,4,2.5,0.342,1987,37,5.9,25.0,0.0232,405011,229.08,75204,Dallas-Fort Worth-Arlington,2023-07-14
Fort Worth,2447,3,2.5,0.701,2004,20,7.9,19.8,0.0202,414188,169.26,76102,Dallas-Fort Worth-Arlington,2023-12-28
Fort Worth,2392,4,4.0,0.289,2015,9,4.7,27.4,0.0202,490722,205.15,76102,Dallas-Fort Worth-Arlington,2023-11-22
Dallas,2129,3,3.0,0.223,1980,44,8.8,18.7,0.0221,418649,196.64,75204,Dallas-Fort Worth-Arlington,2023-06-24
Dallas,2164,3,2.5,0.266,1970,54,6.1,6.4,0.0222,420045,194.11,75201,Dallas-Fort Worth-Arlington,2023-05-03
San Antonio,1886,2,1.0,0.275,2001,23,5.4,8.1,0.0222,255542,135.49,78230,San Antonio-New Braunfels,2024-05-16
Fort Worth,2243,4,3.5,0.398,1992,32,5.6,20.6,0.0231,371795,165.76,76102,Dallas-Fort Worth-Arlington,2023-04-03
Houston,2970,3,3.0,0.19,2009,15,8.0,20.0,0.0206,504621,169.91,77079,Houston-The Woodlands-Sugar Land,2024-06-08
Dallas,2303,3,2.5,0.153,2020,4,8.4,17.5,0.0205,515972,224.04,75205,Dallas-Fort Worth-Arlington,2023-09-15
San Antonio,1828,2,2.0,0.218,2005,19,7.1,15.3,0.0213,203559,111.36,78250,San Antonio-New Braunfels,2024-06-29
Houston,3316,4,4.0,0.409,2012,12,7.5,18.7,0.0235,690363,208.19,77019,Houston-The Woodlands-Sugar Land,2023-07-13
Houston,2152,4,2.5,0.089,2023,1,8.0,14.6,0.025,428978,199.34,77002,Houston-The Woodlands-Sugar Land,2023-11-06
Fort Worth,3187,4,3.5,0.086,1999,25,8.8,9.4,0.0234,682167,214.05,76102,Dallas-Fort Worth-Arlington,2023-12-03
Fort Worth,1935,3,2.0,0.207,2009,15,8.7,40.1,0.022,319710,165.22,76109,Dallas-Fort Worth-Arlington,2023-07-05
Fort Worth,2929,3,2.5,0.365,1961,63,6.0,32.5,0.0218,451705,154.22,76109,Dallas-Fort Worth-Arlington,2023-04-30
San Antonio,2603,3,2.5,0.071,2003,21,6.8,16.4,0.022,390223,149.91,78205,San Antonio-New Braunfels,2023-10-12
Houston,2050,5,3.0,0.307,1987,37,7.2,17.4,0.0227,381012,185.86,77019,Houston-The Woodlands-Sugar Land,2023-12-29
Houston,1993,3,2.0,0.293,2016,8,5.1,35.3,0.0224,275542,138.25,77079,Houston-The Woodlands-Sugar Land,2023-05-23
Dallas,3277,3,3.0,0.236,1972,52,7.1,15.7,0.0228,690336,210.66,75254,Dallas-Fort Worth-Arlington,2024-02-24
Dallas,1959,5,5.0,0.078,1961,63,5.1,7.7,0.0216,419507,214.14,75205,Dallas-Fort Worth-Arlington,2023-12-16
Dallas,2454,3,3.0,0.185,1963,61,7.2,13.5,0.0234,414344,168.84,75204,Dallas-Fort Worth-Arlington,2023-04-02
Dallas,2189,4,2.5,0.178,2018,6,7.2,15.8,0.0234,456836,208.7,75204,Dallas-Fort Worth-Arlington,2024-05-28
Houston,3791,3,2.0,0.214,1960,64,7.5,16.4,0.0231,590955,155.88,77024,Houston-The Woodlands-Sugar Land,2023-01-24
San Antonio,2149,3,2.5,0.248,1994,30,8.4,19.8,0.0251,321642,149.67,78216,San Antonio-New Braunfels,2023-12-24
Houston,2799,2,1.5,0.153,1973,51,7.3,19.3,0.0235,399125,142.6,77007,Houston-The Woodlands-Sugar Land,2023-08-29
Houston,1657,3,2.0,0.31,1990,34,5.3,38.0,0.0221,257972,155.69,77002,Houston-The Woodlands-Sugar Land,2023-12-24
Austin,2242,4,3.5,0.109,2007,17,8.8,26.3,0.0209,716936,319.78,78704,Austin-Round Rock-Georgetown,2024-02-28
Houston,1926,2,1.0,0.326,2007,17,5.1,42.0,0.0235,299240,155.37,77056,Houston-The Woodlands-Sugar Land,2024-01-11
San Antonio,2383,2,1.0,0.27,1997,27,6.5,29.0,0.0216,345934,145.17,78205,San Antonio-New Braunfels,2023-12-22
Houston,3078,4,2.5,0.146,1991,33,7.0,11.6,0.0248,458206,148.86,77019,Houston-The Woodlands-Sugar Land,2024-04-04
Houston,1363,4,4.0,0.415,2007,17,6.9,36.6,0.0229,249856,183.31,77002,Houston-The Woodlands-Sugar Land,2024-01-19
San Antonio,3200,4,3.0,0.31,1963,61,7.4,16.9,0.0235,479595,149.87,78205,San Antonio-New Braunfels,2024-03-21
Dallas,2078,5,3.0,0.151,1990,34,9.1,21.7,0.0217,483438,232.65,75225,Dallas-Fort Worth-Arlington,2023-08-09
Austin,2571,3,3.0,0.073,1977,47,5.1,26.5,0.0219,722657,281.08,78703,Austin-Round Rock-Georgetown,2023-04-21
Houston,2586,3,2.5,0.417,1999,25,5.7,15.1,0.0206,434313,167.95,77007,Houston-The Woodlands-Sugar Land,2023-05-09
Austin,2649,3,3.0,0.164,1980,44,7.4,9.3,0.0213,768509,290.11,78750,Austin-Round Rock-Georgetown,2023-12-01
Dallas,3386,3,3.0,0.056,2002,22,7.6,18.0,0.0216,625200,184.64,75204,Dallas-Fort Worth-Arlington,2023-10-18
Houston,2101,3,2.5,0.757,1969,55,7.0,28.7,0.0225,310246,147.67,77007,Houston-The Woodlands-Sugar Land,2023-02-12
Austin,1886,4,4.0,0.224,1990,34,7.1,3.5,0.0207,787117,417.35,78750,Austin-Round Rock-Georgetown,2023-04-22
Austin,2271,2,2.0,0.05,1970,54,6.8,17.1,0.0217,620276,273.13,78704,Austin-Round Rock-Georgetown,2024-06-13
Dallas,1705,4,3.0,0.316,2007,17,6.6,21.0,0.0222,340654,199.8,75201,Dallas-Fort Worth-Arlington,2024-02-02
Austin,1458,4,3.0,0.351,1966,58,9.3,9.4,0.0201,542434,372.04,78703,Austin-Round Rock-Georgetown,2024-02-17
San Antonio,2558,4,3.0,0.097,2001,23,7.5,29.0,0.0218,367657,143.73,78216,San Antonio-New Braunfels,2023-04-18
Austin,2757,3,2.0,0.169,1999,25,7.6,14.3,0.0211,918970,333.32,78702,Austin-Round Rock-Georgetown,2023-02-05
Dallas,2608,4,3.5,0.137,1985,39,7.2,14.5,0.0235,591548,226.82,75225,Dallas-Fort Worth-Arlington,2023-06-09
Houston,2043,3,2.5,0.254,1975,49,6.6,47.7,0.0225,297241,145.49,77024,Houston-The Woodlands-Sugar Land,2024-04-13
Houston,1959,5,3.0,0.148,1971,53,6.1,15.5,0.0224,318549,162.61,77007,Houston-The Woodlands-Sugar Land,2023-10-05
Austin,2046,3,2.5,0.739,1968,56,7.9,18.9,0.0222,621371,303.7,78748,Austin-Round Rock-Georgetown,2024-03-05
San Antonio,2116,2,1.0,0.165,2001,23,5.9,16.1,0.0205,301805,142.63,78216,San Antonio-New Braunfels,2023-09-24
Fort Worth,3786,3,2.0,0.259,1991,33,7.8,34.3,0.0205,687981,181.72,76132,Dallas-Fort Worth-Arlington,2023-09-26
Austin,1671,3,2.0,0.31,1993,31,7.9,42.0,0.021,516940,309.36,78701,Austin-Round Rock-Georgetown,2023-11-25
Austin,2292,3,2.0,0.121,1981,43,5.0,24.0,0.021,685764,299.2,78703,Austin-Round Rock-Georgetown,2024-06-08
Fort Worth,2200,4,2.5,0.053,1990,34,7.7,16.8,0.023,428338,194.7,76109,Dallas-Fort Worth-Arlington,2023-08-28
Dallas,2396,3,3.0,0.139,1990,34,5.0,13.4,0.0205,397396,165.86,75254,Dallas-Fort Worth-Arlington,2023-11-22
Austin,1967,4,3.5,0.133,1968,56,7.0,11.9,0.0207,639467,325.1,78702,Austin-Round Rock-Georgetown,2024-05-17
Houston,1330,3,2.0,0.293,2002,22,7.9,25.9,0.0238,179702,135.11,77079,Houston-The Woodlands-Sugar Land,2023-07-23
Dallas,1725,4,3.5,0.546,2003,21,9.2,20.9,0.0217,356149,206.46,75204,Dallas-Fort Worth-Arlington,2024-04-04
San Antonio,1690,3,3.0,0.135,2012,12,7.0,37.4,0.0234,234919,139.01,78209,San Antonio-New Braunfels,2023-10-20
Dallas,2711,4,3.5,0.222,2007,17,7.2,17.1,0.0218,610671,225.26,75204,Dallas-Fort Worth-Arlington,2024-04-25
Fort Worth,2064,3,2.0,0.281,1987,37,7.5,17.1,0.0207,393516,190.66,76107,Dallas-Fort Worth-Arlington,2023-09-13
Dallas,2731,4,4.0,0.159,1997,27,7.4,31.8,0.0237,617987,226.29,75254,Dallas-Fort Worth-Arlington,2023-12-11
Houston,2257,4,3.0,0.396,1973,51,8.4,14.6,0.0227,383112,169.74,77056,Houston-The Woodlands-Sugar Land,2023-06-26
Dallas,1678,3,2.5,0.157,1985,39,10.0,8.8,0.0225,319597,190.46,75230,Dallas-Fort Worth-Arlington,2023-12-14
Houston,2003,3,2.0,0.2,2019,5,6.4,19.1,0.0219,337668,168.58,77007,Houston-The Woodlands-Sugar Land,2023-06-28
Houston,2284,3,2.5,0.304,2011,13,6.7,20.0,0.0242,404645,177.17,77079,Houston-The Woodlands-Sugar Land,2023-11-30
Austin,2904,4,4.0,0.14,2006,18,7.9,25.4,0.0223,965087,332.33,78704,Austin-Round Rock-Georgetown,2024-03-07
Houston,1534,3,2.5,0.659,1994,30,7.7,15.0,0.022,241773,157.61,77024,Houston-The Woodlands-Sugar Land,2023-08-26
San Antonio,1649,3,2.0,0.131,1999,25,9.2,10.0,0.0211,285957,173.41,78230,San Antonio-New Braunfels,2023-08-23
Austin,2824,2,2.0,0.23,2004,20,8.3,7.3,0.019,798550,282.77,78745,Austin-Round Rock-Georgetown,2023-06-26
Houston,3621,3,2.5,0.132,1985,39,7.1,27.4,0.0236,456508,126.07,77024,Houston-The Woodlands-Sugar Land,2024-02-04
Dallas,5157,3,2.0,0.117,1994,30,8.4,23.1,0.0221,1026541,199.06,75205,Dallas-Fort Worth-Arlington,2023-11-20
Dallas,1933,5,4.0,0.221,2007,17,7.5,36.1,0.0204,398934,206.38,75225,Dallas-Fort Worth-Arlington,2023-10-10
San Antonio,1965,3,2.5,0.507,2009,15,6.3,6.4,0.0221,296287,150.78,78258,San Antonio-New Braunfels,2023-01-14
San Antonio,1973,5,4.5,0.215,1987,37,5.1,12.8,0.0219,317970,161.16,78209,San Antonio-New Braunfels,2023-03-02
San Antonio,2399,4,3.5,0.186,1987,37,8.3,22.4,0.0226,401783,167.48,78216,San Antonio-New Braunfels,2023-01-05
Austin,1551,2,1.5,0.282,1980,44,8.2,13.1,0.0207,372863,240.4,78702,Austin-Round Rock-Georgetown,2024-04-10
Dallas,3066,3,3.0,0.12,1971,53,8.7,28.0,0.021,650774,212.26,75205,Dallas-Fort Worth-Arlington,2024-04-10
Dallas,1914,4,3.5,0.113,1992,32,5.6,26.5,0.0218,397616,207.74,75230,Dallas-Fort Worth-Arlington,2023-02-07
Houston,2288,3,2.5,0.139,2007,17,7.5,11.6,0.0234,341496,149.26,77024,Houston-The Woodlands-Sugar Land,2023-01-26
Austin,1909,3,2.5,0.059,1987,37,9.1,34.8,0.0243,592903,310.58,78702,Austin-Round Rock-Georgetown,2024-03-03
Houston,1394,4,4.0,0.209,1972,52,8.1,14.5,0.0234,203223,145.78,77024,Houston-The Woodlands-Sugar Land,2023-10-15
Houston,1579,3,2.0,0.107,1985,39,6.2,25.9,0.0229,241036,152.65,77056,Houston-The Woodlands-Sugar Land,2023-06-18
Houston,2615,2,1.5,0.129,1989,35,9.1,38.4,0.0226,379678,145.19,77002,Houston-The Woodlands-Sugar Land,2023-12-03
Austin,2021,4,3.5,0.258,1983,41,9.4,7.2,0.0219,599197,296.49,78701,Austin-Round Rock-Georgetown,2023-05-10
San Antonio,1848,3,3.0,0.09,1974,50,6.8,32.0,0.0228,216643,117.23,78209,San Antonio-New Braunfels,2023-04-19
Fort Worth,1195,4,3.5,0.254,2012,12,7.2,15.7,0.0236,246404,206.2,76109,Dallas-Fort Worth-Arlington,2023-07-21
Houston,3020,4,3.5,0.208,2009,15,6.4,30.9,0.0223,594802,196.95,77007,Houston-The Woodlands-Sugar Land,2024-05-04
Fort Worth,1583,2,1.5,0.179,2019,5,9.6,16.1,0.0215,261956,165.48,76132,Dallas-Fort Worth-Arlington,2024-02-24
Austin,1923,3,2.0,0.14,1990,34,8.8,23.4,0.0215,585641,304.55,78748,Austin-Round Rock-Georgetown,2023-04-14
Fort Worth,1776,5,3.0,0.092,1973,51,6.2,31.4,0.0214,315983,177.92,76109,Dallas-Fort Worth-Arlington,2023-11-04
Fort Worth,1774,3,3.0,0.299,1991,33,5.9,23.0,0.0217,307194,173.16,76107,Dallas-Fort Worth-Arlington,2024-04-28
Austin,2044,4,3.5,0.177,2019,5,10.0,14.3,0.0198,788371,385.7,78701,Austin-Round Rock-Georgetown,2024-06-04
San Antonio,2193,3,2.0,0.066,1985,39,4.2,36.5,0.0219,294330,134.21,78250,San Antonio-New Braunfels,2024-02-22
Fort Worth,1224,5,5.0,0.22,1986,38,7.6,19.9,0.0216,245628,200.68,76132,Dallas-Fort Worth-Arlington,2023-03-12
Fort Worth,1383,5,4.0,0.125,1974,50,5.7,16.8,0.0221,264018,190.9,76107,Dallas-Fort Worth-Arlington,2023-05-12
Fort Worth,2300,3,2.0,0.995,1960,64,6.4,45.4,0.0232,378457,164.55,76109,Dallas-Fort Worth-Arlington,2023-04-30
Dallas,1122,4,3.5,0.182,2021,3,5.9,26.3,0.023,252672,225.2,75230,Dallas-Fort Worth-Arlington,2023-03-24
Austin,1694,5,4.5,0.516,2009,15,8.2,17.6,0.0213,616785,364.1,78745,Austin-Round Rock-Georgetown,2023-04-06
San Antonio,2375,4,4.0,0.317,2018,6,6.9,21.1,0.0216,360509,151.79,78201,San Antonio-New Braunfels,2023-06-22
Dallas,1974,4,4.0,0.208,2018,6,8.3,32.6,0.0234,385886,195.48,75230,Dallas-Fort Worth-Arlington,2023-10-31
Dallas,1410,5,4.0,0.156,2008,16,6.5,15.5,0.0225,283910,201.35,75254,Dallas-Fort Worth-Arlington,2023-08-06
Houston,4241,2,2.0,0.165,1973,51,7.5,23.1,0.0239,617782,145.67,77056,Houston-The Woodlands-Sugar Land,2023-08-19
Dallas,3185,4,3.0,0.193,1980,44,6.0,47.8,0.0238,490965,154.15,75205,Dallas-Fort Worth-Arlington,2023-05-15
Austin,2003,4,2.5,0.447,1987,37,9.7,16.0,0.0238,733282,366.09,78704,Austin-Round Rock-Georgetown,2023-03-24
San Antonio,1754,2,2.0,0.145,1998,26,6.0,14.2,0.0229,229944,131.1,78205,San Antonio-New Braunfels,2024-06-30
Austin,1279,3,3.0,0.605,2003,21,8.5,26.4,0.0221,450774,352.44,78745,Austin-Round Rock-Georgetown,2023-11-24
San Antonio,2313,3,3.0,1.04,2022,2,6.2,23.8,0.0225,362073,156.54,78205,San Antonio-New Braunfels,2023-05-06
San Antonio,1974,4,3.5,0.426,1994,30,5.6,25.4,0.0227,293163,148.51,78209,San Antonio-New Braunfels,2024-03-19
Dallas,2624,2,2.0,0.331,1994,30,7.4,7.9,0.0216,416461,158.71,75204,Dallas-Fort Worth-Arlington,2024-03-30
Dallas,2435,2,2.0,0.241,1988,36,8.4,8.2,0.0219,406088,166.77,75205,Dallas-Fort Worth-Arlington,2024-06-12
Houston,1885,4,3.5,0.348,2006,18,6.6,13.4,0.0232,368905,195.71,77019,Houston-The Woodlands-Sugar Land,2023-03-29
Fort Worth,2239,3,2.0,0.074,1984,40,8.0,14.1,0.0206,416888,186.19,76102,Dallas-Fort Worth-Arlington,2023-12-17
San Antonio,2306,4,3.5,0.343,1998,26,5.7,20.7,0.0222,389245,168.8,78250,San Antonio-New Braunfels,2024-06-20
Houston,2284,3,3.0,0.243,1983,41,6.7,13.2,0.0228,387517,169.67,77019,Houston-The Woodlands-Sugar Land,2024-03-17
Austin,1897,3,2.0,0.136,1994,30,8.3,14.6,0.0211,564367,297.51,78750,Austin-Round Rock-Georgetown,2023-05-04
Houston,2142,3,3.0,0.55,2001,23,8.2,46.5,0.0244,395745,184.75,77007,Houston-The Woodlands-Sugar Land,2024-05-03
Dallas,1415,4,4.0,0.417,1982,42,6.3,25.0,0.0221,333932,235.99,75230,Dallas-Fort Worth-Arlington,2023-08-19
Fort Worth,1305,4,4.0,0.255,1980,44,9.7,19.6,0.0219,277977,213.01,76102,Dallas-Fort Worth-Arlington,2023-09-25
San Antonio,1883,5,3.0,0.141,1994,30,6.4,23.2,0.0234,327627,173.99,78216,San Antonio-New Braunfels,2023-11-02
Houston,2322,3,2.0,0.164,2023,1,6.0,20.7,0.0217,381023,164.09,77019,Houston-The Woodlands-Sugar Land,2024-02-26
San Antonio,2671,4,3.0,0.16,1977,47,5.3,44.7,0.0215,326298,122.16,78216,San Antonio-New Braunfels,2023-03-07
Houston,2239,2,1.5,0.777,1981,43,5.9,16.5,0.0246,349257,155.99,77024,Houston-The Woodlands-Sugar Land,2023-10-22
San Antonio,2478,4,2.5,0.379,2007,17,6.7,11.9,0.0226,437726,176.64,78250,San Antonio-New Braunfels,2024-03-22
Houston,1512,4,2.5,0.183,2010,14,6.8,35.5,0.0235,253373,167.57,77007,Houston-The Woodlands-Sugar Land,2023-10-28
Dallas,2173,2,2.0,0.342,1988,36,6.2,14.4,0.0223,381547,175.59,75254,Dallas-Fort Worth-Arlington,2023-05-31
Fort Worth,2291,4,3.0,0.586,1968,56,7.8,23.3,0.0225,402543,175.71,76102,Dallas-Fort Worth-Arlington,2023-01-31
Houston,4032,3,2.0,0.197,1985,39,6.4,17.5,0.0222,686209,170.19,77007,Houston-The Woodlands-Sugar Land,2023-10-28
San Antonio,1358,4,3.5,0.186,1979,45,7.1,14.8,0.0214,194637,143.33,78209,San Antonio-New Braunfels,2024-01-20
Fort Worth,2410,2,1.0,0.185,1961,63,6.8,17.0,0.0201,365344,151.6,76132,Dallas-Fort Worth-Arlington,2023-10-28
Austin,2222,3,2.5,0.099,1975,49,7.3,15.0,0.0217,566777,255.08,78701,Austin-Round Rock-Georgetown,2024-06-19
Austin,2276,2,2.0,0.168,1983,41,7.1,11.2,0.0202,669925,294.34,78703,Austin-Round Rock-Georgetown,2023-11-26
Dallas,3392,4,3.5,0.214,2004,20,7.0,10.4,0.0224,782586,230.72,75205,Dallas-Fort Worth-Arlington,2023-10-06
Houston,1718,3,3.0,0.157,1989,35,6.6,17.0,0.0223,292829,170.45,77056,Houston-The Woodlands-Sugar Land,2023-01-31
Austin,2183,3,3.0,0.121,1971,53,6.8,10.8,0.0209,557763,255.5,78704,Austin-Round Rock-Georgetown,2023-11-02
Dallas,1698,3,2.0,0.247,2007,17,7.4,37.1,0.0209,289640,170.58,75254,Dallas-Fort Worth-Arlington,2023-04-03
San Antonio,2732,3,3.0,0.326,1987,37,6.0,10.5,0.0216,409819,150.01,78250,San Antonio-New Braunfels,2024-02-01
Houston,2233,3,2.5,0.195,1978,46,8.5,36.0,0.0231,312321,139.87,77056,Houston-The Woodlands-Sugar Land,2023-03-30
Houston,1646,5,4.0,0.172,1984,40,8.7,10.0,0.0218,330899,201.03,77056,Houston-The Woodlands-Sugar Land,2024-05-10
San Antonio,2280,3,2.0,0.2,1982,42,8.1,41.1,0.0221,304601,133.6,78205,San Antonio-New Braunfels,2023-06-15
Dallas,1555,4,2.5,0.382,1972,52,7.2,11.8,0.022,348789,224.3,75205,Dallas-Fort Worth-Arlington,2023-08-26
